id,date,TA,DP,WC,RH,PA,PR,PR1H,PR24H,SR_1M,SR_1D,SR_45_1M,SR_45_1D,SD_1H,SD_1D,SD_45_1H,SD_45_1D
1,2021-12-13 09:51:03+00:00,-3.2,-3.5,0,98,753.6,0,0,0,24,6,22,5,18660,106621,15723,88713
2,2021-12-13 09:51:19+00:00,-3.2,-3.5,0,98,753.6,0,0,0,24,6,22,5,18680,106205,15733,88345
3,2021-12-13 09:51:33+00:00,-3.2,-3.5,0,98,753.6,0,0,0,24,6,22,5,18680,106205,15733,88345
4,2021-12-13 09:51:48+00:00,-3.2,-3.5,0,98,753.6,0,0,0,24,6,22,5,18680,106205,15733,88345
5,2021-12-13 09:52:03+00:00,-3.2,-3.5,0,98,753.6,0,0,0,24,6,22,5,18680,106205,15733,88345
6,2021-12-13 09:52:19+00:00,-3.2,-3.5,0,98,753.6,0,0,0,24,6,22,5,18697,105751,15748,87946
7,2021-12-13 09:52:33+00:00,-3.2,-3.5,0,98,753.6,0,0,0,24,6,22,5,18697,105751,15748,87946
8,2021-12-13 09:52:48+00:00,-3.2,-3.5,0,98,753.6,0,0,0,24,6,22,5,18697,105751,15748,87946
9,2021-12-13 09:53:19+00:00,-3.2,-3.6,0,97,753.6,0,0,0,24,6,22,5,18737,105284,15782,87542
10,2021-12-13 09:53:33+00:00,-3.2,-3.6,0,97,753.6,0,0,0,24,6,22,5,18737,105284,15782,87542
11,2021-12-13 09:53:48+00:00,-3.2,-3.6,0,97,753.6,0,0,0,24,6,22,5,18737,105284,15782,87542
12,2021-12-13 09:54:03+00:00,-3.2,-3.6,0,97,753.6,0,0,0,24,6,22,5,18737,105284,15782,87542
13,2021-12-13 09:54:19+00:00,-3.2,-3.6,0,97,753.6,0,0,0,25,6,23,5,18793,104820,15828,87138
14,2021-12-13 09:54:33+00:00,-3.2,-3.6,0,97,753.6,0,0,0,25,6,23,5,18793,104820,15828,87138
15,2021-12-13 09:54:48+00:00,-3.2,-3.6,0,97,753.6,0,0,0,25,6,23,5,18793,104820,15828,87138
16,2021-12-13 09:55:03+00:00,-3.1,-3.6,0,98,753.5,0,0,0,25,6,23,5,18793,104820,15828,87138
17,2021-12-13 09:55:19+00:00,-3.1,-3.4,0,98,753.5,0,0,0,25,6,23,5,18860,104378,15882,86753
18,2021-12-13 09:55:33+00:00,-3.1,-3.4,0,98,753.5,0,0,0,25,6,23,5,18860,104378,15882,86753
19,2021-12-13 09:55:48+00:00,-3.1,-3.4,0,98,753.5,0,0,0,25,6,23,5,18860,104378,15882,86753
20,2021-12-13 09:56:03+00:00,-3.1,-3.4,0,98,753.5,0,0,0,25,6,23,5,18860,104378,15882,86753
21,2021-12-13 09:56:19+00:00,-3.1,-3.4,0,98,753.5,0,0,0,27,6,24,5,18941,103946,15947,86376
22,2021-12-13 09:56:33+00:00,-3.1,-3.4,0,98,753.5,0,0,0,27,6,24,5,18941,103946,15947,86376
23,2021-12-13 09:56:48+00:00,-3.1,-3.4,0,98,753.5,0,0,0,27,6,24,5,18941,103946,15947,86376
24,2021-12-13 09:57:03+00:00,-3.1,-3.4,0,98,753.5,0,0,0,27,6,24,5,18941,103946,15947,86376
25,2021-12-13 09:57:19+00:00,-3.1,-3.4,0,98,753.5,0,0,0,27,6,25,5,19030,103509,16021,85995
26,2021-12-13 09:57:33+00:00,-3.1,-3.4,0,98,753.5,0,0,0,27,6,25,5,19030,103509,16021,85995
27,2021-12-13 09:57:48+00:00,-3.1,-3.4,0,98,753.5,0,0,0,27,6,25,5,19030,103509,16021,85995
28,2021-12-13 09:58:03+00:00,-3.1,-3.4,0,98,753.5,0,0,0,27,6,25,5,19030,103509,16021,85995
29,2021-12-13 09:58:19+00:00,-3.1,-3.4,0,98,753.5,0,0,0,28,6,25,5,19129,103099,16101,85637
30,2021-12-13 09:58:33+00:00,-3.1,-3.4,0,98,753.5,0,0,0,28,6,25,5,19129,103099,16101,85637
31,2021-12-13 09:58:48+00:00,-3.1,-3.4,0,98,753.5,0,0,0,28,6,25,5,19129,103099,16101,85637
32,2021-12-13 09:59:03+00:00,-3.1,-3.4,0,98,753.6,0,0,0,28,6,25,5,19129,103099,16101,85637
33,2021-12-13 09:59:19+00:00,-3.1,-3.4,0,98,753.6,0,0,0,28,5,25,5,19227,102722,16181,85306
34,2021-12-13 09:59:33+00:00,-3.1,-3.4,0,98,753.6,0,0,0,28,5,25,5,19227,102722,16181,85306
35,2021-12-13 09:59:48+00:00,-3.1,-3.4,0,98,753.6,0,0,0,28,5,25,5,19227,102722,16181,85306
36,2021-12-13 10:00:03+00:00,-3.1,-3.4,0,98,753.6,0,0,0,28,5,25,5,19227,102722,16181,85306
37,2021-12-13 10:00:19+00:00,-3.1,-3.4,0,98,753.6,0,0,0,28,5,25,5,19332,102354,16265,84986
38,2021-12-13 10:00:33+00:00,-3.1,-3.4,0,98,753.6,0,0,0,28,5,25,5,19332,102354,16265,84986
39,2021-12-13 10:00:48+00:00,-3.1,-3.4,0,98,753.6,0,0,0,28,5,25,5,19332,102354,16265,84986
40,2021-12-13 10:01:03+00:00,-3.1,-3.4,0,98,753.6,0,0,0,28,5,25,5,19332,102354,16265,84986
41,2021-12-13 10:01:19+00:00,-3.1,-3.4,0,98,753.6,0,0,0,28,5,25,5,19424,101989,16336,84664
42,2021-12-13 10:01:33+00:00,-3.1,-3.4,0,98,753.6,0,0,0,28,5,25,5,19424,101989,16336,84664
43,2021-12-13 10:01:48+00:00,-3.1,-3.4,0,98,753.6,0,0,0,28,5,25,5,19424,101989,16336,84664
44,2021-12-13 10:02:03+00:00,-3.1,-3.4,0,98,753.6,0,0,0,28,5,25,5,19424,101989,16336,84664
45,2021-12-13 10:02:19+00:00,-3.1,-3.4,0,98,753.6,0,0,0,27,5,24,5,19497,101631,16396,84353
46,2021-12-13 10:02:33+00:00,-3.1,-3.4,0,98,753.6,0,0,0,27,5,24,5,19497,101631,16396,84353
47,2021-12-13 10:02:48+00:00,-3.1,-3.4,0,98,753.6,0,0,0,27,5,24,5,19497,101631,16396,84353
48,2021-12-13 10:03:03+00:00,-3.1,-3.4,0,98,753.6,0,0,0,27,5,24,5,19497,101631,16396,84353
49,2021-12-13 10:03:19+00:00,-3.1,-3.4,0,98,753.6,0,0,0,27,5,24,5,19580,101320,16462,84080
50,2021-12-13 10:03:33+00:00,-3.1,-3.4,0,98,753.6,0,0,0,27,5,24,5,19580,101320,16462,84080
51,2021-12-13 10:03:48+00:00,-3.1,-3.4,0,98,753.6,0,0,0,27,5,24,5,19580,101320,16462,84080
52,2021-12-13 10:04:03+00:00,-3.1,-3.4,0,99,753.6,0,0,0,27,5,24,5,19580,101320,16462,84080
53,2021-12-13 10:04:19+00:00,-3.1,-3.3,0,99,753.6,0,0,0,26,5,24,5,19650,101036,16518,83835
54,2021-12-13 10:04:33+00:00,-3.1,-3.3,0,99,753.6,0,0,0,26,5,24,5,19650,101036,16518,83835
55,2021-12-13 10:04:48+00:00,-3.1,-3.3,0,99,753.6,0,0,0,26,5,24,5,19650,101036,16518,83835
56,2021-12-13 10:05:03+00:00,-3,-3.3,0,98,753.6,0,0,0,26,5,24,5,19650,101036,16518,83835
57,2021-12-13 10:05:19+00:00,-3,-3.3,0,98,753.6,0,0,0,27,5,24,5,19721,100794,16577,83621
58,2021-12-13 10:05:33+00:00,-3,-3.3,0,98,753.6,0,0,0,27,5,24,5,19721,100794,16577,83621
59,2021-12-13 10:05:48+00:00,-3,-3.3,0,98,753.6,0,0,0,27,5,24,5,19721,100794,16577,83621
60,2021-12-13 10:06:03+00:00,-3,-3.3,0,97,753.6,0,0,0,27,5,24,5,19721,100794,16577,83621
61,2021-12-13 10:06:19+00:00,-3,-3.4,0,97,753.6,0,0,0,27,5,24,5,19795,100559,16639,83408
62,2021-12-13 10:06:33+00:00,-3,-3.4,0,97,753.6,0,0,0,27,5,24,5,19795,100559,16639,83408
63,2021-12-13 10:06:48+00:00,-3,-3.4,0,97,753.6,0,0,0,27,5,24,5,19795,100559,16639,83408
64,2021-12-13 10:07:03+00:00,-3,-3.4,0,97,753.5,0,0,0,27,5,24,5,19795,100559,16639,83408
65,2021-12-13 10:07:20+00:00,-3,-3.4,0,97,753.5,0,0,0,26,5,24,5,19872,100299,16702,83174
66,2021-12-13 10:07:34+00:00,-3,-3.4,0,97,753.5,0,0,0,26,5,24,5,19872,100299,16702,83174
67,2021-12-13 10:07:49+00:00,-3,-3.4,0,97,753.5,0,0,0,26,5,24,5,19872,100299,16702,83174
68,2021-12-13 10:08:04+00:00,-3,-3.4,0,97,753.6,0,0,0,26,5,24,5,19872,100299,16702,83174
69,2021-12-13 10:08:20+00:00,-3,-3.4,0,97,753.6,0,0,0,25,5,23,5,19941,99995,16754,82904
70,2021-12-13 10:08:34+00:00,-3,-3.4,0,97,753.6,0,0,0,25,5,23,5,19941,99995,16754,82904
71,2021-12-13 10:08:49+00:00,-3,-3.4,0,97,753.6,0,0,0,25,5,23,5,19941,99995,16754,82904
72,2021-12-13 10:09:04+00:00,-3,-3.4,0,97,753.5,0,0,0,25,5,23,5,19941,99995,16754,82904
73,2021-12-13 10:09:20+00:00,-3,-3.5,0,97,753.5,0,0,0,24,5,22,5,20002,99638,16800,82587
74,2021-12-13 10:09:34+00:00,-3,-3.5,0,97,753.5,0,0,0,24,5,22,5,20002,99638,16800,82587
75,2021-12-13 10:09:49+00:00,-3,-3.5,0,97,753.5,0,0,0,24,5,22,5,20002,99638,16800,82587
76,2021-12-13 10:10:04+00:00,-3,-3.5,0,96,753.5,0,0,0,24,5,22,5,20002,99638,16800,82587
77,2021-12-13 10:10:20+00:00,-3,-3.5,0,96,753.5,0,0,0,23,5,21,5,20051,99245,16836,82248
78,2021-12-13 10:10:34+00:00,-3,-3.5,0,96,753.5,0,0,0,23,5,21,5,20051,99245,16836,82248
79,2021-12-13 10:10:49+00:00,-3,-3.5,0,96,753.5,0,0,0,23,5,21,5,20051,99245,16836,82248
80,2021-12-13 10:11:04+00:00,-3,-3.5,0,96,753.5,0,0,0,23,5,21,5,20051,99245,16836,82248
81,2021-12-13 10:11:20+00:00,-3,-3.5,0,96,753.5,0,0,0,23,5,20,5,20086,98876,16861,81927
82,2021-12-13 10:19:49+00:00,-3.1,-3.4,0,98,753.5,0,0,0,19,5,17,5,20049,96164,16797,79553
83,2021-12-13 10:20:04+00:00,-3.1,-3.4,0,97,753.5,0,0,0,19,5,17,5,20049,96164,16797,79553
84,2021-12-13 10:20:20+00:00,-3.1,-3.5,0,97,753.5,0,0,0,19,5,17,5,19985,95874,16743,79300
85,2021-12-13 10:20:34+00:00,-3.1,-3.5,0,97,753.5,0,0,0,19,5,17,5,19985,95874,16743,79300
86,2021-12-13 10:20:49+00:00,-3.1,-3.5,0,97,753.5,0,0,0,19,5,17,5,19985,95874,16743,79300
87,2021-12-13 10:21:04+00:00,-3,-3.5,0,97,753.5,0,0,0,19,5,17,5,19985,95874,16743,79300
88,2021-12-13 10:21:20+00:00,-3,-3.4,0,97,753.5,0,0,0,19,5,17,5,19918,95613,16682,79073
89,2021-12-13 10:21:34+00:00,-3,-3.4,0,97,753.5,0,0,0,19,5,17,5,19918,95613,16682,79073
90,2021-12-13 10:21:49+00:00,-3,-3.4,0,97,753.5,0,0,0,19,5,17,5,19918,95613,16682,79073
91,2021-12-13 10:22:04+00:00,-3,-3.4,0,97,753.5,0,0,0,19,5,17,5,19918,95613,16682,79073
92,2021-12-13 10:22:20+00:00,-3,-3.4,0,97,753.5,0,0,0,18,5,16,5,19833,95379,16604,78867
93,2021-12-13 10:22:34+00:00,-3,-3.4,0,97,753.5,0,0,0,18,5,16,5,19833,95379,16604,78867
94,2021-12-13 10:22:49+00:00,-3,-3.4,0,97,753.5,0,0,0,18,5,16,5,19833,95379,16604,78867
95,2021-12-13 10:23:04+00:00,-3,-3.4,0,97,753.5,0,0,0,18,5,16,5,19833,95379,16604,78867
96,2021-12-13 10:23:20+00:00,-3,-3.4,0,97,753.5,0,0,0,17,5,15,5,19727,95146,16511,78667
97,2021-12-13 10:23:34+00:00,-3,-3.4,0,97,753.5,0,0,0,17,5,15,5,19727,95146,16511,78667
98,2021-12-13 10:23:49+00:00,-3,-3.4,0,97,753.5,0,0,0,17,5,15,5,19727,95146,16511,78667
99,2021-12-13 10:24:04+00:00,-3,-3.4,0,97,753.5,0,0,0,17,5,15,5,19727,95146,16511,78667
100,2021-12-13 10:24:20+00:00,-3,-3.4,0,97,753.5,0,0,0,17,5,15,5,19617,94921,16418,78474
101,2021-12-13 10:24:34+00:00,-3,-3.4,0,97,753.5,0,0,0,17,5,15,5,19617,94921,16418,78474
102,2021-12-13 10:24:49+00:00,-3,-3.4,0,97,753.5,0,0,0,17,5,15,5,19617,94921,16418,78474
103,2021-12-13 10:25:04+00:00,-3,-3.4,0,97,753.5,0,0,0,17,5,15,5,19617,94921,16418,78474
104,2021-12-13 10:25:20+00:00,-3,-3.4,0,97,753.5,0,0,0,17,5,15,5,19502,94721,16317,78302
105,2021-12-13 10:25:34+00:00,-3,-3.4,0,97,753.5,0,0,0,17,5,15,5,19502,94721,16317,78302
106,2021-12-13 10:25:49+00:00,-3,-3.4,0,97,753.5,0,0,0,17,5,15,5,19502,94721,16317,78302
107,2021-12-13 10:26:04+00:00,-2.9,-3.4,0,97,753.5,0,0,0,17,5,15,5,19502,94721,16317,78302
108,2021-12-13 10:26:20+00:00,-2.9,-3.3,-2.9,97,753.5,0,0,0,16,5,14,5,19360,94556,16195,78155
109,2021-12-13 10:26:34+00:00,-2.9,-3.3,-2.9,97,753.5,0,0,0,16,5,14,5,19360,94556,16195,78155
110,2021-12-13 10:26:49+00:00,-2.9,-3.3,-2.9,97,753.5,0,0,0,16,5,14,5,19360,94556,16195,78155
111,2021-12-13 10:27:04+00:00,-2.9,-3.3,-2.9,97,753.6,0,0,0,16,5,14,5,19360,94556,16195,78155
112,2021-12-13 10:27:20+00:00,-2.9,-3.3,-2.9,97,753.6,0,0,0,15,5,13,5,19211,94390,16070,78009
113,2021-12-13 10:27:34+00:00,-2.9,-3.3,-2.9,97,753.6,0,0,0,15,5,13,5,19211,94390,16070,78009
114,2021-12-13 10:27:49+00:00,-2.9,-3.3,-2.9,97,753.6,0,0,0,15,5,13,5,19211,94390,16070,78009
115,2021-12-13 10:28:04+00:00,-2.9,-3.3,-2.9,97,753.5,0,0,0,15,5,13,5,19211,94390,16070,78009
116,2021-12-13 10:28:20+00:00,-2.9,-3.3,-2.9,97,753.5,0,0,0,14,5,13,5,19060,94221,15940,77862
117,2021-12-13 10:28:34+00:00,-2.9,-3.3,-2.9,97,753.5,0,0,0,14,5,13,5,19060,94221,15940,77862
118,2021-12-13 10:28:49+00:00,-2.9,-3.3,-2.9,97,753.5,0,0,0,14,5,13,5,19060,94221,15940,77862
119,2021-12-13 10:29:04+00:00,-2.9,-3.3,-2.9,97,753.6,0,0,0,14,5,13,5,19060,94221,15940,77862
120,2021-12-13 10:29:20+00:00,-2.9,-3.4,-2.9,97,753.6,0,0,0,14,5,12,4,18888,94044,15793,77708
121,2021-12-13 10:29:34+00:00,-2.9,-3.4,-2.9,97,753.6,0,0,0,14,5,12,4,18888,94044,15793,77708
122,2021-12-13 10:29:49+00:00,-2.9,-3.4,-2.9,97,753.6,0,0,0,14,5,12,4,18888,94044,15793,77708
123,2021-12-13 10:30:04+00:00,-2.9,-3.4,-2.9,97,753.5,0,0,0,14,5,12,4,18888,94044,15793,77708
124,2021-12-13 10:30:20+00:00,-2.9,-3.4,-2.9,97,753.5,0,0,0,13,5,12,4,18703,93863,15635,77548
125,2021-12-13 10:30:34+00:00,-2.9,-3.4,-2.9,97,753.5,0,0,0,13,5,12,4,18703,93863,15635,77548
126,2021-12-13 10:30:49+00:00,-2.9,-3.4,-2.9,97,753.5,0,0,0,13,5,12,4,18703,93863,15635,77548
127,2021-12-13 10:31:04+00:00,-2.9,-3.4,-2.9,96,753.5,0,0,0,13,5,12,4,18703,93863,15635,77548
128,2021-12-13 10:31:20+00:00,-2.9,-3.4,-2.9,96,753.5,0,0,0,13,5,12,4,18498,93669,15461,77377
129,2021-12-13 10:37:34+00:00,-2.9,-3.4,-2.9,97,753.4,0,0,0,12,5,11,4,17213,92304,14369,76174
130,2021-12-13 10:37:49+00:00,-2.9,-3.4,-2.9,97,753.4,0,0,0,12,5,11,4,17213,92304,14369,76174
131,2021-12-13 10:38:04+00:00,-2.9,-3.4,-2.9,97,753.4,0,0,0,12,5,11,4,17213,92304,14369,76174
132,2021-12-13 10:38:34+00:00,-2.9,-3.3,-2.9,97,753.4,0,0,0,13,5,11,4,17001,92103,14190,75996
133,2021-12-13 10:42:04+00:00,-2.9,-3.4,-2.9,97,753.5,0,0,0,12,5,11,4,16401,91627,13688,75577
134,2021-12-13 10:42:20+00:00,-2.9,-3.4,-2.9,97,753.5,0,0,0,12,5,11,4,16221,91507,13537,75471
135,2021-12-13 10:42:34+00:00,-2.9,-3.4,-2.9,97,753.5,0,0,0,12,5,11,4,16221,91507,13537,75471
136,2021-12-13 10:42:49+00:00,-2.9,-3.4,-2.9,97,753.5,0,0,0,12,5,11,4,16221,91507,13537,75471
137,2021-12-13 10:43:04+00:00,-2.9,-3.4,-2.9,97,753.6,0,0,0,12,5,11,4,16221,91507,13537,75471
138,2021-12-13 10:43:20+00:00,-2.9,-3.4,-2.9,97,753.6,0,0,0,13,5,12,4,16044,91397,13387,75374
139,2021-12-13 10:43:34+00:00,-2.9,-3.4,-2.9,97,753.6,0,0,0,13,5,12,4,16044,91397,13387,75374
140,2021-12-13 11:48:05+00:00,-2.7,-3.2,-3.7,97,753.3,0,0,0,22,5,19,4,15177,85025,12586,69476
141,2021-12-13 11:48:20+00:00,-2.7,-3.1,-2.7,97,753.3,0,0,0,23,5,20,4,15276,85165,12663,69585
142,2021-12-13 11:48:34+00:00,-2.7,-3.1,-2.7,97,753.3,0,0,0,23,5,20,4,15276,85165,12663,69585
143,2021-12-13 11:48:49+00:00,-2.7,-3.1,-2.7,97,753.3,0,0,0,23,5,20,4,15276,85165,12663,69585
144,2021-12-13 11:49:05+00:00,-2.7,-3.1,-2.7,97,753.3,0,0,0,23,5,20,4,15276,85165,12663,69585
145,2021-12-13 11:49:20+00:00,-2.7,-3.2,-2.7,97,753.3,0,0,0,23,5,20,4,15383,85317,12745,69699
146,2021-12-13 11:49:34+00:00,-2.7,-3.2,-2.7,97,753.3,0,0,0,23,5,20,4,15383,85317,12745,69699
147,2021-12-13 11:49:49+00:00,-2.7,-3.2,-2.7,97,753.3,0,0,0,23,5,20,4,15383,85317,12745,69699
148,2021-12-13 11:50:05+00:00,-2.7,-3.2,-2.7,97,753.3,0,0,0,23,5,20,4,15383,85317,12745,69699
149,2021-12-13 11:50:20+00:00,-2.7,-3.2,-2.7,97,753.3,0,0,0,23,5,20,4,15485,85461,12824,69809
150,2021-12-13 11:50:34+00:00,-2.7,-3.2,-2.7,97,753.3,0,0,0,23,5,20,4,15485,85461,12824,69809
151,2021-12-13 11:50:49+00:00,-2.7,-3.2,-2.7,97,753.3,0,0,0,23,5,20,4,15485,85461,12824,69809
152,2021-12-13 11:51:05+00:00,-2.6,-3.2,-2.7,97,753.3,0,0,0,23,5,20,4,15485,85461,12824,69809
153,2021-12-13 11:51:20+00:00,-2.6,-3.1,-5.4,97,753.3,0,0,0,22,5,20,4,15584,85597,12905,69915
154,2021-12-13 11:51:34+00:00,-2.6,-3.1,-5.4,97,753.3,0,0,0,22,5,20,4,15584,85597,12905,69915
155,2021-12-13 11:51:49+00:00,-2.6,-3.1,-5.4,97,753.3,0,0,0,22,5,20,4,15584,85597,12905,69915
156,2021-12-13 11:52:05+00:00,-2.7,-3.1,-5.4,96,753.3,0,0,0,22,5,20,4,15584,85597,12905,69915
157,2021-12-13 11:52:20+00:00,-2.7,-3.2,-2.7,96,753.3,0,0,0,23,5,20,4,15690,85741,12990,70027
158,2021-12-13 11:52:34+00:00,-2.7,-3.2,-2.7,96,753.3,0,0,0,23,5,20,4,15690,85741,12990,70027
159,2021-12-13 11:52:49+00:00,-2.7,-3.2,-2.7,96,753.3,0,0,0,23,5,20,4,15690,85741,12990,70027
160,2021-12-13 11:53:05+00:00,-2.7,-3.2,-2.7,96,753.3,0,0,0,23,5,20,4,15690,85741,12990,70027
161,2021-12-13 11:53:20+00:00,-2.7,-3.2,-2.7,96,753.3,0,0,0,23,5,20,4,15800,85882,13080,70135
162,2021-12-13 11:53:34+00:00,-2.7,-3.2,-2.7,96,753.3,0,0,0,23,5,20,4,15800,85882,13080,70135
163,2021-12-13 11:53:49+00:00,-2.7,-3.2,-2.7,96,753.3,0,0,0,23,5,20,4,15800,85882,13080,70135
164,2021-12-13 11:54:05+00:00,-2.7,-3.2,-2.7,96,753.3,0,0,0,23,5,20,4,15800,85882,13080,70135
165,2021-12-13 11:54:20+00:00,-2.7,-3.2,-2.7,96,753.3,0,0,0,23,5,20,4,15914,86016,13171,70238
166,2021-12-13 11:54:34+00:00,-2.7,-3.2,-2.7,96,753.3,0,0,0,23,5,20,4,15914,86016,13171,70238
167,2021-12-13 11:54:49+00:00,-2.7,-3.2,-2.7,96,753.3,0,0,0,23,5,20,4,15914,86016,13171,70238
168,2021-12-13 11:55:05+00:00,-2.7,-3.2,-2.7,96,753.3,0,0,0,23,5,20,4,15914,86016,13171,70238
169,2021-12-13 11:55:20+00:00,-2.7,-3.2,-2.7,96,753.3,0,0,0,24,5,21,4,16039,86147,13271,70339
170,2021-12-13 11:55:34+00:00,-2.7,-3.2,-2.7,96,753.3,0,0,0,24,5,21,4,16039,86147,13271,70339
171,2021-12-13 11:55:49+00:00,-2.7,-3.2,-2.7,96,753.3,0,0,0,24,5,21,4,16039,86147,13271,70339
172,2021-12-13 11:56:05+00:00,-2.7,-3.2,-2.7,97,753.3,0,0,0,24,5,21,4,16039,86147,13271,70339
173,2021-12-13 11:56:20+00:00,-2.7,-3.2,-4.5,97,753.3,0,0,0,26,5,23,4,16184,86287,13389,70447
174,2021-12-13 11:56:34+00:00,-2.7,-3.2,-4.5,97,753.3,0,0,0,26,5,23,4,16184,86287,13389,70447
175,2021-12-13 11:56:49+00:00,-2.7,-3.2,-4.5,97,753.3,0,0,0,26,5,23,4,16184,86287,13389,70447
176,2021-12-13 11:57:05+00:00,-2.7,-3.2,-4.5,97,753.3,0,0,0,26,5,23,4,16184,86287,13389,70447
177,2021-12-13 11:57:20+00:00,-2.7,-3.2,-2.7,97,753.3,0,0,0,27,5,24,4,16342,86427,13517,70555
178,2021-12-13 11:57:34+00:00,-2.7,-3.2,-2.7,97,753.3,0,0,0,27,5,24,4,16342,86427,13517,70555
179,2021-12-13 11:57:49+00:00,-2.7,-3.2,-2.7,97,753.3,0,0,0,27,5,24,4,16342,86427,13517,70555
180,2021-12-13 11:58:05+00:00,-2.6,-3.2,-2.7,97,753.3,0,0,0,27,5,24,4,16342,86427,13517,70555
181,2021-12-13 11:58:20+00:00,-2.6,-3.1,-2.6,97,753.3,0,0,0,28,5,25,4,16505,86560,13653,70658
182,2021-12-13 11:58:34+00:00,-2.6,-3.1,-2.6,97,753.3,0,0,0,28,5,25,4,16505,86560,13653,70658
183,2021-12-13 11:58:49+00:00,-2.6,-3.1,-2.6,97,753.3,0,0,0,28,5,25,4,16505,86560,13653,70658
184,2021-12-13 11:59:05+00:00,-2.6,-3.1,-2.6,97,753.3,0,0,0,28,5,25,4,16505,86560,13653,70658
185,2021-12-13 11:59:20+00:00,-2.6,-3,-2.6,97,753.3,0,0,0,29,5,25,4,16671,86662,13788,70729
186,2021-12-13 11:59:34+00:00,-2.6,-3,-2.6,97,753.3,0,0,0,29,5,25,4,16671,86662,13788,70729
187,2021-12-13 11:59:49+00:00,-2.6,-3,-2.6,97,753.3,0,0,0,29,5,25,4,16671,86662,13788,70729
188,2021-12-13 12:00:05+00:00,-2.6,-3,-2.6,97,753.3,0,0,0,29,5,25,4,16671,86662,13788,70729
189,2021-12-13 12:00:20+00:00,-2.6,-3.1,-2.6,97,753.3,0,0,0,28,5,25,4,16828,86731,13914,70774
190,2021-12-13 12:00:34+00:00,-2.6,-3.1,-2.6,97,753.3,0,0,0,28,5,25,4,16828,86731,13914,70774
191,2021-12-13 12:00:49+00:00,-2.6,-3.1,-2.6,97,753.3,0,0,0,28,5,25,4,16828,86731,13914,70774
192,2021-12-13 12:01:05+00:00,-2.6,-3.1,-2.6,96,753.3,0,0,0,28,5,25,4,16828,86731,13914,70774
193,2021-12-13 12:01:20+00:00,-2.6,-3.1,-2.6,96,753.3,0,0,0,27,5,24,4,16961,86799,14021,70820
194,2021-12-13 12:01:34+00:00,-2.6,-3.1,-2.6,96,753.3,0,0,0,27,5,24,4,16961,86799,14021,70820
195,2021-12-13 12:01:49+00:00,-2.6,-3.1,-2.6,96,753.3,0,0,0,27,5,24,4,16961,86799,14021,70820
196,2021-12-13 12:02:05+00:00,-2.6,-3.1,-2.6,97,753.3,0,0,0,27,5,24,4,16961,86799,14021,70820
197,2021-12-13 12:02:20+00:00,-2.6,-3.1,-2.8,97,753.3,0,0,0,26,5,23,4,17067,86862,14108,70863
198,2021-12-13 12:02:34+00:00,-2.6,-3.1,-2.8,97,753.3,0,0,0,26,5,23,4,17067,86862,14108,70863
199,2021-12-13 12:02:49+00:00,-2.6,-3.1,-2.8,97,753.3,0,0,0,26,5,23,4,17067,86862,14108,70863
200,2021-12-13 12:03:05+00:00,-2.5,-3.1,-2.8,96,753.3,0,0,0,26,5,23,4,17067,86862,14108,70863
201,2021-12-13 12:03:20+00:00,-2.5,-3,-2.5,96,753.3,0,0,0,24,5,22,4,17154,86929,14179,70909
202,2021-12-13 12:03:34+00:00,-2.5,-3,-2.5,96,753.3,0,0,0,24,5,22,4,17154,86929,14179,70909
203,2021-12-13 12:03:49+00:00,-2.5,-3,-2.5,96,753.3,0,0,0,24,5,22,4,17154,86929,14179,70909
204,2021-12-13 12:04:05+00:00,-2.5,-3,-2.5,96,753.3,0,0,0,24,5,22,4,17154,86929,14179,70909
205,2021-12-13 12:04:20+00:00,-2.5,-3,-2.5,96,753.3,0,0,0,23,5,20,4,17225,86996,14235,70956
206,2021-12-13 12:04:34+00:00,-2.5,-3,-2.5,96,753.3,0,0,0,23,5,20,4,17225,86996,14235,70956
207,2021-12-13 12:04:49+00:00,-2.5,-3,-2.5,96,753.3,0,0,0,23,5,20,4,17225,86996,14235,70956
208,2021-12-13 12:05:05+00:00,-2.5,-3,-2.5,96,753.3,0,0,0,23,5,20,4,17225,86996,14235,70956
209,2021-12-13 12:05:20+00:00,-2.5,-3.1,-2.5,96,753.3,0,0,0,21,5,19,4,17274,87048,14272,70989
210,2021-12-13 12:05:34+00:00,-2.5,-3.1,-2.5,96,753.3,0,0,0,21,5,19,4,17274,87048,14272,70989
211,2021-12-13 12:05:49+00:00,-2.5,-3.1,-2.5,96,753.3,0,0,0,21,5,19,4,17274,87048,14272,70989
212,2021-12-13 12:06:05+00:00,-2.5,-3.1,-2.5,96,753.3,0,0,0,21,5,19,4,17274,87048,14272,70989
213,2021-12-13 12:06:20+00:00,-2.5,-3.1,-2.5,96,753.3,0,0.1,0,20,5,18,4,17306,87096,14292,71020
214,2021-12-13 12:06:34+00:00,-2.5,-3.1,-2.5,96,753.3,0,0.1,0,20,5,18,4,17306,87096,14292,71020
215,2021-12-13 12:06:49+00:00,-2.5,-3.1,-2.5,96,753.3,0,0.1,0,20,5,18,4,17306,87096,14292,71020
216,2021-12-13 12:07:05+00:00,-2.5,-3.1,-2.5,96,753.3,0,0.1,0,20,5,18,4,17306,87096,14292,71020
217,2021-12-13 12:07:20+00:00,-2.5,-3.1,-2.5,96,753.3,0,0.1,0,20,5,17,4,17312,87136,14284,71040
218,2021-12-13 12:07:34+00:00,-2.5,-3.1,-2.5,96,753.3,0,0.1,0,20,5,17,4,17312,87136,14284,71040
219,2021-12-13 12:07:49+00:00,-2.5,-3.1,-2.5,96,753.3,0,0.1,0,20,5,17,4,17312,87136,14284,71040
220,2021-12-13 12:08:05+00:00,-2.6,-3.1,-2.5,96,753.3,0,0.1,0,20,5,17,4,17312,87136,14284,71040
221,2021-12-13 12:08:20+00:00,-2.6,-3.2,-2.6,96,753.3,0,0.1,0.1,18,5,15,4,17280,87139,14241,71025
222,2021-12-13 12:08:34+00:00,-2.6,-3.2,-2.6,96,753.3,0,0.1,0.1,18,5,15,4,17280,87139,14241,71025
223,2021-12-13 12:08:49+00:00,-2.6,-3.2,-2.6,96,753.3,0,0.1,0.1,18,5,15,4,17280,87139,14241,71025
224,2021-12-13 12:09:05+00:00,-2.5,-3.2,-2.6,96,753.3,0,0.1,0.1,18,5,15,4,17280,87139,14241,71025
225,2021-12-13 12:09:20+00:00,-2.5,-3,-2.5,96,753.3,0,0.1,0.1,16,5,13,4,17203,87113,14161,70990
226,2021-12-13 12:09:34+00:00,-2.5,-3,-2.5,96,753.3,0,0.1,0.1,16,5,13,4,17203,87113,14161,70990
227,2021-12-13 12:09:49+00:00,-2.5,-3,-2.5,96,753.3,0,0.1,0.1,16,5,13,4,17203,87113,14161,70990
228,2021-12-13 12:10:05+00:00,-2.5,-3,-2.5,96,753.3,0,0.1,0.1,16,5,13,4,17203,87113,14161,70990
229,2021-12-13 12:10:20+00:00,-2.5,-3.1,-2.5,96,753.3,0,0.1,0.1,13,5,11,4,17084,87076,14052,70949
230,2021-12-13 12:10:34+00:00,-2.5,-3.1,-2.5,96,753.3,0,0.1,0.1,13,5,11,4,17084,87076,14052,70949
231,2021-12-13 12:10:49+00:00,-2.5,-3.1,-2.5,96,753.3,0,0.1,0.1,13,5,11,4,17084,87076,14052,70949
232,2021-12-13 12:11:05+00:00,-2.5,-3.1,-2.5,96,753.3,0,0.1,0.1,13,5,11,4,17084,87076,14052,70949
233,2021-12-13 12:11:20+00:00,-2.5,-3.1,-2.5,96,753.3,0,0.1,0.1,11,5,10,4,16936,87033,13923,70903
234,2021-12-13 12:11:34+00:00,-2.5,-3.1,-2.5,96,753.3,0,0.1,0.1,11,5,10,4,16936,87033,13923,70903
235,2021-12-13 12:11:49+00:00,-2.5,-3.1,-2.5,96,753.3,0,0.1,0.1,11,5,10,4,16936,87033,13923,70903
236,2021-12-13 12:12:05+00:00,-2.5,-3.1,-2.5,96,753.3,0,0.1,0.1,11,5,10,4,16936,87033,13923,70903
237,2021-12-13 12:12:20+00:00,-2.5,-3,-2.5,96,753.3,0,0.1,0.1,10,5,9,4,16780,86992,13789,70861
238,2021-12-13 12:12:34+00:00,-2.5,-3,-2.5,96,753.3,0,0.1,0.1,10,5,9,4,16780,86992,13789,70861
239,2021-12-13 12:13:35+00:00,-2.5,-3,-3.1,96,753.3,0,0.1,0.1,10,5,9,4,16629,86958,13661,70825
240,2021-12-13 12:13:49+00:00,-2.5,-3,-3.1,96,753.3,0,0.1,0.1,10,5,9,4,16629,86958,13661,70825
241,2021-12-13 12:14:05+00:00,-2.5,-3,-3.1,96,753.3,0,0.1,0.1,10,5,9,4,16629,86958,13661,70825
242,2021-12-13 12:15:20+00:00,-2.5,-3.1,-2.5,96,753.3,0,0.1,0.1,9,5,8,4,16348,86883,13424,70746
243,2021-12-13 12:15:34+00:00,-2.5,-3.1,-2.5,96,753.3,0,0.1,0.1,9,5,8,4,16348,86883,13424,70746
244,2021-12-13 12:15:49+00:00,-2.5,-3.1,-2.5,96,753.3,0,0.1,0.1,9,5,8,4,16348,86883,13424,70746
245,2021-12-13 12:16:05+00:00,-2.5,-3.1,-2.5,95,753.3,0,0.1,0.1,9,5,8,4,16348,86883,13424,70746
246,2021-12-13 12:16:20+00:00,-2.5,-3.1,-2.5,95,753.3,0,0.1,0.1,8,5,7,4,16207,86830,13302,70693
247,2021-12-13 12:17:05+00:00,-2.5,-3.1,-2.5,95,753.3,0,0.1,0.1,8,5,7,4,16207,86830,13302,70693
248,2021-12-13 12:17:20+00:00,-2.5,-3.1,-2.5,95,753.3,0,0.1,0.1,8,5,7,4,16049,86769,13169,70637
249,2021-12-13 12:17:34+00:00,-2.5,-3.1,-2.5,95,753.3,0,0.1,0.1,8,5,7,4,16049,86769,13169,70637
250,2021-12-13 12:17:49+00:00,-2.5,-3.1,-2.5,95,753.3,0,0.1,0.1,8,5,7,4,16049,86769,13169,70637
251,2021-12-13 12:18:05+00:00,-2.5,-3.1,-2.5,96,753.3,0,0.1,0.1,8,5,7,4,16049,86769,13169,70637
252,2021-12-13 12:18:20+00:00,-2.5,-3.1,-2.5,96,753.3,0,0.1,0.1,7,5,6,4,15878,86713,13025,70583
253,2021-12-13 12:18:34+00:00,-2.5,-3.1,-2.5,96,753.3,0,0.1,0.1,7,5,6,4,15878,86713,13025,70583
254,2021-12-13 12:18:49+00:00,-2.5,-3.1,-2.5,96,753.3,0,0.1,0.1,7,5,6,4,15878,86713,13025,70583
255,2021-12-13 12:19:05+00:00,-2.5,-3.1,-2.5,96,753.3,0,0.1,0.1,7,5,6,4,15878,86713,13025,70583
256,2021-12-13 12:19:34+00:00,-2.5,-3.1,-2.5,96,753.3,0,0.1,0.1,6,5,5,4,15702,86671,12876,70543
257,2021-12-13 12:19:49+00:00,-2.5,-3.1,-2.5,96,753.3,0,0.1,0.1,6,5,5,4,15702,86671,12876,70543
258,2021-12-13 12:20:05+00:00,-2.5,-3.1,-2.5,96,753.3,0,0.1,0.1,6,5,5,4,15702,86671,12876,70543
259,2021-12-13 12:20:20+00:00,-2.5,-3.1,-2.5,96,753.3,0,0.1,0.1,6,5,5,4,15526,86638,12729,70510
260,2021-12-13 12:20:34+00:00,-2.5,-3.1,-2.5,96,753.3,0,0.1,0.1,6,5,5,4,15526,86638,12729,70510
261,2021-12-13 12:20:49+00:00,-2.5,-3.1,-2.5,96,753.3,0,0.1,0.1,6,5,5,4,15526,86638,12729,70510
262,2021-12-13 12:21:05+00:00,-2.5,-3.1,-2.5,96,753.3,0,0.1,0.1,6,5,5,4,15526,86638,12729,70510
263,2021-12-13 12:21:20+00:00,-2.5,-3.1,-2.5,96,753.3,0,0.1,0.1,6,5,5,4,15350,86604,12581,70477
264,2021-12-13 12:21:34+00:00,-2.5,-3.1,-2.5,96,753.3,0,0.1,0.1,6,5,5,4,15350,86604,12581,70477
265,2021-12-13 12:21:49+00:00,-2.5,-3.1,-2.5,96,753.3,0,0.1,0.1,6,5,5,4,15350,86604,12581,70477
266,2021-12-13 12:22:05+00:00,-2.5,-3.1,-2.5,96,753.3,0,0.1,0.1,6,5,5,4,15350,86604,12581,70477
267,2021-12-13 12:22:20+00:00,-2.5,-3.1,-3.5,96,753.3,0,0.1,0.1,5,5,5,4,15169,86571,12426,70443
268,2021-12-13 12:22:34+00:00,-2.5,-3.1,-3.5,96,753.3,0,0.1,0.1,5,5,5,4,15169,86571,12426,70443
269,2021-12-13 12:22:49+00:00,-2.5,-3.1,-3.5,96,753.3,0,0.1,0.1,5,5,5,4,15169,86571,12426,70443
270,2021-12-13 12:23:05+00:00,-2.5,-3.1,-3.5,96,753.3,0,0.1,0.1,5,5,5,4,15169,86571,12426,70443
271,2021-12-13 12:23:20+00:00,-2.5,-3.1,-2.5,96,753.3,0,0.1,0.1,5,5,4,4,14970,86538,12254,70411
272,2021-12-13 12:23:35+00:00,-2.5,-3.1,-2.5,96,753.3,0,0.1,0.1,5,5,4,4,14970,86538,12254,70411
273,2021-12-13 12:23:50+00:00,-2.5,-3.1,-2.5,96,753.3,0,0.1,0.1,5,5,4,4,14970,86538,12254,70411
274,2021-12-13 12:24:05+00:00,-2.5,-3.1,-2.5,96,753.3,0,0.1,0.1,5,5,4,4,14970,86538,12254,70411
275,2021-12-13 12:24:20+00:00,-2.5,-3.1,-2.5,96,753.3,0,0.1,0.1,5,5,4,4,14754,86503,12068,70376
276,2021-12-13 12:24:35+00:00,-2.5,-3.1,-2.5,96,753.3,0,0.1,0.1,5,5,4,4,14754,86503,12068,70376
277,2021-12-13 12:24:50+00:00,-2.5,-3.1,-2.5,96,753.3,0,0.1,0.1,5,5,4,4,14754,86503,12068,70376
278,2021-12-13 12:25:05+00:00,-2.5,-3.1,-2.5,96,753.3,0,0.1,0.1,5,5,4,4,14754,86503,12068,70376
279,2021-12-13 12:25:20+00:00,-2.5,-3.1,-2.5,96,753.3,0,0.1,0.1,5,5,4,4,14527,86465,11874,70341
280,2021-12-13 12:25:35+00:00,-2.5,-3.1,-2.5,96,753.3,0,0.1,0.1,5,5,4,4,14527,86465,11874,70341
281,2021-12-13 12:25:50+00:00,-2.5,-3.1,-2.5,96,753.3,0,0.1,0.1,5,5,4,4,14527,86465,11874,70341
282,2021-12-13 12:26:05+00:00,-2.5,-3.1,-2.5,96,753.4,0,0.1,0.1,5,5,4,4,14527,86465,11874,70341
283,2021-12-13 12:26:20+00:00,-2.5,-3.1,-2.5,96,753.4,0,0.1,0.1,4,5,4,4,14288,86427,11668,70304
284,2021-12-13 12:26:35+00:00,-2.5,-3.1,-2.5,96,753.4,0,0.1,0.1,4,5,4,4,14288,86427,11668,70304
285,2021-12-13 12:26:50+00:00,-2.5,-3.1,-2.5,96,753.4,0,0.1,0.1,4,5,4,4,14288,86427,11668,70304
286,2021-12-13 12:27:05+00:00,-2.5,-3.1,-2.5,96,753.4,0,0.1,0.1,4,5,4,4,14288,86427,11668,70304
287,2021-12-13 12:27:20+00:00,-2.5,-3.1,-2.5,96,753.4,0,0.1,0.1,4,5,3,4,14037,86388,11455,70267
288,2021-12-13 12:27:35+00:00,-2.5,-3.1,-2.5,96,753.4,0,0.1,0.1,4,5,3,4,14037,86388,11455,70267
289,2021-12-13 12:27:50+00:00,-2.5,-3.1,-2.5,96,753.4,0,0.1,0.1,4,5,3,4,14037,86388,11455,70267
290,2021-12-13 12:28:05+00:00,-2.4,-3.1,-2.5,96,753.4,0,0.1,0.1,4,5,3,4,14037,86388,11455,70267
291,2021-12-13 12:28:20+00:00,-2.4,-3,-2.4,96,753.4,0,0.1,0.1,4,5,3,4,13781,86351,11238,70232
292,2021-12-13 12:28:35+00:00,-2.4,-3,-2.4,96,753.4,0,0.1,0.1,4,5,3,4,13781,86351,11238,70232
293,2021-12-13 12:28:50+00:00,-2.4,-3,-2.4,96,753.4,0,0.1,0.1,4,5,3,4,13781,86351,11238,70232
294,2021-12-13 12:29:05+00:00,-2.4,-3,-2.4,96,753.4,0,0.1,0.1,4,5,3,4,13781,86351,11238,70232
295,2021-12-13 12:29:20+00:00,-2.4,-3,-2.4,96,753.4,0,0.1,0.1,4,5,3,4,13517,86315,11014,70196
296,2021-12-13 12:29:35+00:00,-2.4,-3,-2.4,96,753.4,0,0.1,0.1,4,5,3,4,13517,86315,11014,70196
297,2021-12-13 12:29:50+00:00,-2.4,-3,-2.4,96,753.4,0,0.1,0.1,4,5,3,4,13517,86315,11014,70196
298,2021-12-13 12:30:05+00:00,-2.4,-3,-2.4,96,753.4,0,0.1,0.1,4,5,3,4,13517,86315,11014,70196
299,2021-12-13 12:30:20+00:00,-2.4,-3,-2.4,96,753.4,0,0.1,0.1,4,5,3,4,13249,86277,10787,70159
300,2021-12-13 12:30:35+00:00,-2.4,-3,-2.4,96,753.4,0,0.1,0.1,4,5,3,4,13249,86277,10787,70159
301,2021-12-13 12:30:50+00:00,-2.4,-3,-2.4,96,753.4,0,0.1,0.1,4,5,3,4,13249,86277,10787,70159
302,2021-12-13 12:31:05+00:00,-2.4,-3,-2.4,96,753.4,0,0.1,0.1,4,5,3,4,13249,86277,10787,70159
303,2021-12-13 12:31:20+00:00,-2.4,-3,-2.4,96,753.4,0,0.1,0.1,3,5,3,4,12986,86241,10563,70125
304,2021-12-13 12:31:35+00:00,-2.4,-3,-2.4,96,753.4,0,0.1,0.1,3,5,3,4,12986,86241,10563,70125
305,2021-12-13 12:31:50+00:00,-2.4,-3,-2.4,96,753.4,0,0.1,0.1,3,5,3,4,12986,86241,10563,70125
306,2021-12-13 12:32:05+00:00,-2.4,-3,-2.4,95,753.4,0,0.1,0.1,3,5,3,4,12986,86241,10563,70125
307,2021-12-13 12:32:20+00:00,-2.4,-3,-2.4,95,753.4,0,0.1,0.1,3,5,3,4,12720,86212,10337,70097
308,2021-12-13 12:32:35+00:00,-2.4,-3,-2.4,95,753.4,0,0.1,0.1,3,5,3,4,12720,86212,10337,70097
309,2021-12-13 12:32:50+00:00,-2.4,-3,-2.4,95,753.4,0,0.1,0.1,3,5,3,4,12720,86212,10337,70097
310,2021-12-13 12:33:05+00:00,-2.3,-3,-2.4,95,753.4,0,0.1,0.1,3,5,3,4,12720,86212,10337,70097
311,2021-12-13 12:33:20+00:00,-2.3,-3,-2.3,95,753.4,0,0.1,0.1,4,5,3,4,12453,86186,10116,70072
312,2021-12-13 12:33:35+00:00,-2.3,-3,-2.3,95,753.4,0,0.1,0.1,4,5,3,4,12453,86186,10116,70072
313,2021-12-13 12:33:50+00:00,-2.3,-3,-2.3,95,753.4,0,0.1,0.1,4,5,3,4,12453,86186,10116,70072
314,2021-12-13 12:34:05+00:00,-2.3,-3,-2.3,95,753.3,0,0.1,0.1,4,5,3,4,12453,86186,10116,70072
315,2021-12-13 12:34:20+00:00,-2.3,-3,-2.3,95,753.3,0,0.1,0.1,3,5,3,4,12195,86158,9900,70045
316,2021-12-13 12:34:35+00:00,-2.3,-3,-2.3,95,753.3,0,0.1,0.1,3,5,3,4,12195,86158,9900,70045
317,2021-12-13 12:34:50+00:00,-2.3,-3,-2.3,95,753.3,0,0.1,0.1,3,5,3,4,12195,86158,9900,70045
318,2021-12-13 12:35:05+00:00,-2.3,-3,-2.3,95,753.4,0,0.1,0.1,3,5,3,4,12195,86158,9900,70045
319,2021-12-13 12:35:20+00:00,-2.3,-3,-2.3,95,753.4,0,0.1,0.1,3,5,3,4,11944,86130,9692,70018
320,2021-12-13 12:35:35+00:00,-2.3,-3,-2.3,95,753.4,0,0.1,0.1,3,5,3,4,11944,86130,9692,70018
321,2021-12-13 12:35:50+00:00,-2.3,-3,-2.3,95,753.4,0,0.1,0.1,3,5,3,4,11944,86130,9692,70018
322,2021-12-13 12:36:05+00:00,-2.4,-3,-2.3,95,753.3,0,0.1,0.1,3,5,3,4,11944,86130,9692,70018
323,2021-12-13 12:36:20+00:00,-2.4,-3.1,-2.4,95,753.3,0,0.1,0.1,3,5,3,4,11717,86101,9501,69990
324,2021-12-13 12:36:35+00:00,-2.4,-3.1,-2.4,95,753.3,0,0.1,0.1,3,5,3,4,11717,86101,9501,69990
325,2021-12-13 12:36:50+00:00,-2.4,-3.1,-2.4,95,753.3,0,0.1,0.1,3,5,3,4,11717,86101,9501,69990
326,2021-12-13 12:37:05+00:00,-2.4,-3.1,-2.4,95,753.3,0,0.1,0.1,3,5,3,4,11717,86101,9501,69990
327,2021-12-13 12:37:20+00:00,-2.4,-3.1,-2.4,95,753.3,0,0.1,0.1,3,5,2,4,11505,86072,9324,69962
328,2021-12-13 12:37:35+00:00,-2.4,-3.1,-2.4,95,753.3,0,0.1,0.1,3,5,2,4,11505,86072,9324,69962
329,2021-12-13 12:37:50+00:00,-2.4,-3.1,-2.4,95,753.3,0,0.1,0.1,3,5,2,4,11505,86072,9324,69962
330,2021-12-13 12:38:05+00:00,-2.4,-3.1,-2.4,95,753.3,0,0.1,0.1,3,5,2,4,11505,86072,9324,69962
331,2021-12-13 12:38:20+00:00,-2.4,-3,-2.4,95,753.3,0,0.1,0.1,3,5,2,4,11312,86044,9165,69935
332,2021-12-13 12:38:35+00:00,-2.4,-3,-2.4,95,753.3,0,0.1,0.1,3,5,2,4,11312,86044,9165,69935
333,2021-12-13 12:38:50+00:00,-2.4,-3,-2.4,95,753.3,0,0.1,0.1,3,5,2,4,11312,86044,9165,69935
334,2021-12-13 12:39:05+00:00,-2.4,-3,-2.4,96,753.4,0,0.1,0.1,3,5,2,4,11312,86044,9165,69935
335,2021-12-13 12:39:20+00:00,-2.4,-3,-2.4,96,753.4,0,0.1,0.1,3,5,2,4,11129,86015,9013,69908
336,2021-12-13 12:39:35+00:00,-2.4,-3,-2.4,96,753.4,0,0.1,0.1,3,5,2,4,11129,86015,9013,69908
337,2021-12-13 12:39:50+00:00,-2.4,-3,-2.4,96,753.4,0,0.1,0.1,3,5,2,4,11129,86015,9013,69908
338,2021-12-13 12:40:05+00:00,-2.4,-3,-2.4,95,753.4,0,0.1,0.1,3,5,2,4,11129,86015,9013,69908
339,2021-12-13 12:40:20+00:00,-2.4,-3.1,-2.4,95,753.4,0,0.1,0.1,2,5,2,4,10929,85985,8841,69879
340,2021-12-13 12:40:35+00:00,-2.4,-3.1,-2.4,95,753.4,0,0.1,0.1,2,5,2,4,10929,85985,8841,69879
341,2021-12-13 12:40:50+00:00,-2.4,-3.1,-2.4,95,753.4,0,0.1,0.1,2,5,2,4,10929,85985,8841,69879
342,2021-12-13 12:41:05+00:00,-2.3,-3.1,-2.4,95,753.4,0,0.1,0.1,2,5,2,4,10929,85985,8841,69879
343,2021-12-13 12:41:20+00:00,-2.3,-2.9,-2.3,95,753.4,0,0.1,0.1,2,5,2,4,10694,85954,8648,69849
344,2021-12-13 12:41:35+00:00,-2.3,-2.9,-2.3,95,753.4,0,0.1,0.1,2,5,2,4,10694,85954,8648,69849
345,2021-12-13 12:41:50+00:00,-2.3,-2.9,-2.3,95,753.4,0,0.1,0.1,2,5,2,4,10694,85954,8648,69849
346,2021-12-13 12:42:05+00:00,-2.3,-2.9,-2.3,96,753.4,0,0.1,0.1,2,5,2,4,10694,85954,8648,69849
347,2021-12-13 12:42:20+00:00,-2.3,-2.9,-2.3,96,753.4,0,0.1,0.1,2,5,1,4,10451,85923,8447,69820
348,2021-12-13 12:42:35+00:00,-2.3,-2.9,-2.3,96,753.4,0,0.1,0.1,2,5,1,4,10451,85923,8447,69820
349,2021-12-13 12:42:50+00:00,-2.3,-2.9,-2.3,96,753.4,0,0.1,0.1,2,5,1,4,10451,85923,8447,69820
350,2021-12-13 12:43:05+00:00,-2.3,-2.9,-2.3,95,753.4,0,0.1,0.1,2,5,1,4,10451,85923,8447,69820
351,2021-12-13 12:43:20+00:00,-2.3,-2.9,-2.3,95,753.4,0,0.1,0.1,2,5,1,4,10196,85896,8237,69794
352,2021-12-13 12:43:35+00:00,-2.3,-2.9,-2.3,95,753.4,0,0.1,0.1,2,5,1,4,10196,85896,8237,69794
353,2021-12-13 12:43:50+00:00,-2.3,-2.9,-2.3,95,753.4,0,0.1,0.1,2,5,1,4,10196,85896,8237,69794
354,2021-12-13 12:44:05+00:00,-2.3,-2.9,-2.3,95,753.4,0,0.1,0.1,2,5,1,4,10196,85896,8237,69794
355,2021-12-13 12:44:20+00:00,-2.3,-3,-2.3,95,753.4,0,0.1,0.1,2,5,1,4,9934,85870,8021,69770
356,2021-12-13 12:44:35+00:00,-2.3,-3,-2.3,95,753.4,0,0.1,0.1,2,5,1,4,9934,85870,8021,69770
357,2021-12-13 12:44:50+00:00,-2.3,-3,-2.3,95,753.4,0,0.1,0.1,2,5,1,4,9934,85870,8021,69770
358,2021-12-13 12:45:05+00:00,-2.3,-3,-2.3,95,753.4,0,0.1,0.1,2,5,1,4,9934,85870,8021,69770
359,2021-12-13 12:45:20+00:00,-2.3,-3,-2.3,95,753.4,0,0.1,0.1,2,5,1,4,9666,85846,7800,69747
360,2021-12-13 12:45:35+00:00,-2.3,-3,-2.3,95,753.4,0,0.1,0.1,2,5,1,4,9666,85846,7800,69747
361,2021-12-13 12:45:50+00:00,-2.3,-3,-2.3,95,753.4,0,0.1,0.1,2,5,1,4,9666,85846,7800,69747
362,2021-12-13 12:46:05+00:00,-2.3,-3,-2.3,95,753.4,0,0.1,0.1,2,5,1,4,9666,85846,7800,69747
363,2021-12-13 12:46:20+00:00,-2.3,-2.9,-2.3,95,753.4,0,0.1,0.1,2,5,1,4,9398,85824,7581,69726
364,2021-12-13 12:46:35+00:00,-2.3,-2.9,-2.3,95,753.4,0,0.1,0.1,2,5,1,4,9398,85824,7581,69726
365,2021-12-13 12:46:50+00:00,-2.3,-2.9,-2.3,95,753.4,0,0.1,0.1,2,5,1,4,9398,85824,7581,69726
366,2021-12-13 12:47:05+00:00,-2.3,-2.9,-2.3,95,753.4,0,0.1,0.1,2,5,1,4,9398,85824,7581,69726
367,2021-12-13 12:47:20+00:00,-2.3,-2.9,-2.3,95,753.4,0,0.1,0.1,2,5,1,4,9130,85805,7362,69707
368,2021-12-13 12:47:35+00:00,-2.3,-2.9,-2.3,95,753.4,0,0.1,0.1,2,5,1,4,9130,85805,7362,69707
369,2021-12-13 12:47:50+00:00,-2.3,-2.9,-2.3,95,753.4,0,0.1,0.1,2,5,1,4,9130,85805,7362,69707
370,2021-12-13 12:48:05+00:00,-2.3,-2.9,-2.3,96,753.5,0,0.1,0.1,2,5,1,4,9130,85805,7362,69707
371,2021-12-13 12:48:20+00:00,-2.3,-2.9,-4.4,96,753.5,0,0.1,0.1,1,5,1,4,8855,85786,7135,69690
372,2021-12-13 12:48:35+00:00,-2.3,-2.9,-4.4,96,753.5,0,0.1,0.1,1,5,1,4,8855,85786,7135,69690
373,2021-12-13 12:48:50+00:00,-2.3,-2.9,-4.4,96,753.5,0,0.1,0.1,1,5,1,4,8855,85786,7135,69690
374,2021-12-13 12:49:05+00:00,-2.3,-2.9,-4.4,95,753.4,0,0.1,0.1,1,5,1,4,8855,85786,7135,69690
375,2021-12-13 12:49:20+00:00,-2.3,-3,-2.3,95,753.4,0,0.1,0.1,1,5,1,4,8571,85770,6904,69673
376,2021-12-13 12:49:35+00:00,-2.3,-3,-2.3,95,753.4,0,0.1,0.1,1,5,1,4,8571,85770,6904,69673
377,2021-12-13 12:49:50+00:00,-2.3,-3,-2.3,95,753.4,0,0.1,0.1,1,5,1,4,8571,85770,6904,69673
378,2021-12-13 12:50:05+00:00,-2.3,-3,-2.3,95,753.5,0,0.1,0.1,1,5,1,4,8571,85770,6904,69673
379,2021-12-13 12:50:20+00:00,-2.3,-3,-2.3,95,753.5,0,0.1,0.1,1,5,1,4,8294,85755,6677,69658
380,2021-12-13 12:50:35+00:00,-2.3,-3,-2.3,95,753.5,0,0.1,0.1,1,5,1,4,8294,85755,6677,69658
381,2021-12-13 12:50:50+00:00,-2.3,-3,-2.3,95,753.5,0,0.1,0.1,1,5,1,4,8294,85755,6677,69658
382,2021-12-13 12:51:05+00:00,-2.3,-3,-2.3,96,753.5,0,0.1,0.1,1,5,1,4,8294,85755,6677,69658
383,2021-12-13 12:51:20+00:00,-2.3,-2.9,-2.3,96,753.5,0,0.1,0.1,1,5,1,4,8020,85741,6448,69644
384,2021-12-13 12:51:35+00:00,-2.3,-2.9,-2.3,96,753.5,0,0.1,0.1,1,5,1,4,8020,85741,6448,69644
385,2021-12-13 12:51:50+00:00,-2.3,-2.9,-2.3,96,753.5,0,0.1,0.1,1,5,1,4,8020,85741,6448,69644
386,2021-12-13 12:52:05+00:00,-2.2,-2.9,-2.3,95,753.5,0,0.1,0.1,1,5,1,4,8020,85741,6448,69644
387,2021-12-13 12:52:20+00:00,-2.2,-2.9,-2.2,95,753.5,0,0.1,0.1,1,5,1,4,7740,85730,6216,69633
388,2021-12-13 12:52:35+00:00,-2.2,-2.9,-2.2,95,753.5,0,0.1,0.1,1,5,1,4,7740,85730,6216,69633
389,2021-12-13 12:52:50+00:00,-2.2,-2.9,-2.2,95,753.5,0,0.1,0.1,1,5,1,4,7740,85730,6216,69633
390,2021-12-13 12:53:05+00:00,-2.2,-2.9,-2.2,95,753.5,0,0.1,0.1,1,5,1,4,7740,85730,6216,69633
391,2021-12-13 12:53:20+00:00,-2.2,-2.9,-2.2,95,753.5,0,0.1,0.1,1,5,1,4,7455,85718,5979,69621
392,2021-12-13 12:53:35+00:00,-2.2,-2.9,-2.2,95,753.5,0,0.1,0.1,1,5,1,4,7455,85718,5979,69621
393,2021-12-13 12:53:50+00:00,-2.2,-2.9,-2.2,95,753.5,0,0.1,0.1,1,5,1,4,7455,85718,5979,69621
394,2021-12-13 12:54:05+00:00,-2.2,-2.9,-2.2,95,753.5,0,0.1,0.1,1,5,1,4,7455,85718,5979,69621
395,2021-12-13 12:54:20+00:00,-2.2,-2.9,-2.2,95,753.5,0,0.1,0.1,1,5,1,4,7168,85707,5741,69609
396,2021-12-13 12:54:35+00:00,-2.2,-2.9,-2.2,95,753.5,0,0.1,0.1,1,5,1,4,7168,85707,5741,69609
397,2021-12-13 12:54:50+00:00,-2.2,-2.9,-2.2,95,753.5,0,0.1,0.1,1,5,1,4,7168,85707,5741,69609
398,2021-12-13 12:55:05+00:00,-2.2,-2.9,-2.2,95,753.6,0,0.1,0.1,1,5,1,4,7168,85707,5741,69609
399,2021-12-13 12:55:20+00:00,-2.2,-2.9,-2.2,95,753.6,0,0.1,0.1,1,5,0,4,6870,85694,5492,69595
400,2021-12-13 12:55:35+00:00,-2.2,-2.9,-2.2,95,753.6,0,0.1,0.1,1,5,0,4,6870,85694,5492,69595
401,2021-12-13 12:55:50+00:00,-2.2,-2.9,-2.2,95,753.6,0,0.1,0.1,1,5,0,4,6870,85694,5492,69595
402,2021-12-13 12:56:05+00:00,-2.2,-2.9,-2.2,95,753.6,0,0.1,0.1,1,5,0,4,6870,85694,5492,69595
403,2021-12-13 12:56:20+00:00,-2.2,-2.9,-2.2,95,753.6,0,0.1,0.1,1,5,0,4,6547,85679,5221,69580
404,2021-12-13 12:56:35+00:00,-2.2,-2.9,-2.2,95,753.6,0,0.1,0.1,1,5,0,4,6547,85679,5221,69580
405,2021-12-13 12:56:50+00:00,-2.2,-2.9,-2.2,95,753.6,0,0.1,0.1,1,5,0,4,6547,85679,5221,69580
406,2021-12-13 12:57:05+00:00,-2.2,-2.9,-2.2,95,753.6,0,0.1,0.1,1,5,0,4,6547,85679,5221,69580
407,2021-12-13 12:57:20+00:00,-2.2,-2.9,-2.2,95,753.6,0,0.1,0.1,1,5,0,4,6201,85664,4929,69564
408,2021-12-13 12:57:35+00:00,-2.2,-2.9,-2.2,95,753.6,0,0.1,0.1,1,5,0,4,6201,85664,4929,69564
409,2021-12-13 12:57:50+00:00,-2.2,-2.9,-2.2,95,753.6,0,0.1,0.1,1,5,0,4,6201,85664,4929,69564
410,2021-12-13 12:58:05+00:00,-2.2,-2.9,-2.2,95,753.6,0,0.1,0.1,1,5,0,4,6201,85664,4929,69564
411,2021-12-13 12:58:20+00:00,-2.2,-2.9,-2.2,95,753.6,0,0.1,0.1,1,5,0,4,5842,85650,4627,69549
412,2021-12-13 12:58:35+00:00,-2.2,-2.9,-2.2,95,753.6,0,0.1,0.1,1,5,0,4,5842,85650,4627,69549
413,2021-12-13 12:58:50+00:00,-2.2,-2.9,-2.2,95,753.6,0,0.1,0.1,1,5,0,4,5842,85650,4627,69549
414,2021-12-13 12:59:05+00:00,-2.2,-2.9,-2.2,95,753.6,0,0.1,0.1,1,5,0,4,5842,85650,4627,69549
415,2021-12-13 12:59:20+00:00,-2.2,-3,-2.2,95,753.6,0,0.1,0.1,0,5,0,4,5477,85636,4322,69535
416,2021-12-13 12:59:35+00:00,-2.2,-3,-2.2,95,753.6,0,0.1,0.1,0,5,0,4,5477,85636,4322,69535
417,2021-12-13 12:59:50+00:00,-2.2,-3,-2.2,95,753.6,0,0.1,0.1,0,5,0,4,5477,85636,4322,69535
418,2021-12-13 13:00:05+00:00,-2.2,-3,-2.2,94,753.6,0,0.1,0.1,0,5,0,4,5477,85636,4322,69535
419,2021-12-13 13:00:20+00:00,-2.2,-3,-2.2,94,753.6,0,0.1,0.1,0,5,0,4,5118,85621,4024,69521
420,2021-12-13 13:00:35+00:00,-2.2,-3,-2.2,94,753.6,0,0.1,0.1,0,5,0,4,5118,85621,4024,69521
421,2021-12-13 13:00:50+00:00,-2.2,-3,-2.2,94,753.6,0,0.1,0.1,0,5,0,4,5118,85621,4024,69521
422,2021-12-13 13:01:05+00:00,-2.2,-3,-2.2,94,753.5,0,0.1,0.1,0,5,0,4,5118,85621,4024,69521
423,2021-12-13 13:01:20+00:00,-2.2,-3,-2.2,94,753.5,0,0.1,0.1,0,5,0,4,4775,85605,3737,69506
424,2021-12-13 13:01:35+00:00,-2.2,-3,-2.2,94,753.5,0,0.1,0.1,0,5,0,4,4775,85605,3737,69506
425,2021-12-13 13:01:50+00:00,-2.2,-3,-2.2,94,753.5,0,0.1,0.1,0,5,0,4,4775,85605,3737,69506
426,2021-12-13 13:02:05+00:00,-2.2,-3,-2.2,94,753.6,0,0.1,0.1,0,5,0,4,4775,85605,3737,69506
427,2021-12-13 13:02:21+00:00,-2.2,-3,-2.2,94,753.6,0,0.1,0.1,0,5,0,4,4445,85589,3460,69490
428,2021-12-13 13:02:35+00:00,-2.2,-3,-2.2,94,753.6,0,0.1,0.1,0,5,0,4,4445,85589,3460,69490
429,2021-12-13 13:02:50+00:00,-2.2,-3,-2.2,94,753.6,0,0.1,0.1,0,5,0,4,4445,85589,3460,69490
430,2021-12-13 13:03:05+00:00,-2.2,-3,-2.2,94,753.6,0,0.1,0.1,0,5,0,4,4445,85589,3460,69490
431,2021-12-13 13:03:21+00:00,-2.2,-3,-2.2,94,753.6,0,0.1,0.1,0,5,0,4,4129,85572,3197,69472
432,2021-12-13 13:03:35+00:00,-2.2,-3,-2.2,94,753.6,0,0.1,0.1,0,5,0,4,4129,85572,3197,69472
433,2021-12-13 13:03:50+00:00,-2.2,-3,-2.2,94,753.6,0,0.1,0.1,0,5,0,4,4129,85572,3197,69472
434,2021-12-13 13:04:05+00:00,-2.2,-3,-2.2,95,753.6,0,0.1,0.1,0,5,0,4,4129,85572,3197,69472
435,2021-12-13 13:04:21+00:00,-2.2,-2.9,-2.2,95,753.6,0,0.1,0.1,0,5,0,4,3830,85554,2947,69454
436,2021-12-13 13:04:35+00:00,-2.2,-2.9,-2.2,95,753.6,0,0.1,0.1,0,5,0,4,3830,85554,2947,69454
437,2021-12-13 13:04:50+00:00,-2.2,-2.9,-2.2,95,753.6,0,0.1,0.1,0,5,0,4,3830,85554,2947,69454
438,2021-12-13 13:05:05+00:00,-2.2,-2.9,-2.2,95,753.5,0,0.1,0.1,0,5,0,4,3830,85554,2947,69454
439,2021-12-13 13:05:21+00:00,-2.2,-2.9,-2.2,95,753.5,0,0.1,0.1,0,5,0,4,3553,85537,2716,69436
440,2021-12-13 13:05:35+00:00,-2.2,-2.9,-2.2,95,753.5,0,0.1,0.1,0,5,0,4,3553,85537,2716,69436
441,2021-12-13 13:05:50+00:00,-2.2,-2.9,-2.2,95,753.5,0,0.1,0.1,0,5,0,4,3553,85537,2716,69436
442,2021-12-13 13:06:05+00:00,-2.2,-2.9,-2.2,95,753.5,0,0.1,0.1,0,5,0,4,3553,85537,2716,69436
443,2021-12-13 13:06:21+00:00,-2.2,-2.9,-2.2,95,753.5,0,0,0.1,0,5,0,4,3289,85521,2495,69420
444,2021-12-13 13:06:35+00:00,-2.2,-2.9,-2.2,95,753.5,0,0,0.1,0,5,0,4,3289,85521,2495,69420
445,2021-12-13 13:06:50+00:00,-2.2,-2.9,-2.2,95,753.5,0,0,0.1,0,5,0,4,3289,85521,2495,69420
446,2021-12-13 13:07:05+00:00,-2.2,-2.9,-2.2,95,753.5,0,0,0.1,0,5,0,4,3289,85521,2495,69420
447,2021-12-13 13:07:21+00:00,-2.2,-2.9,-2.2,95,753.5,0,0,0.1,0,5,0,4,3035,85506,2285,69405
448,2021-12-13 13:07:35+00:00,-2.2,-2.9,-2.2,95,753.5,0,0,0.1,0,5,0,4,3035,85506,2285,69405
449,2021-12-13 13:07:50+00:00,-2.2,-2.9,-2.2,95,753.5,0,0,0.1,0,5,0,4,3035,85506,2285,69405
450,2021-12-13 13:08:05+00:00,-2.2,-2.9,-2.2,95,753.5,0,0,0.1,0,5,0,4,3035,85506,2285,69405
451,2021-12-13 13:08:21+00:00,-2.2,-2.9,-2.2,95,753.5,0,0,0.1,0,5,0,4,2800,85494,2096,69391
452,2021-12-13 13:08:35+00:00,-2.2,-2.9,-2.2,95,753.5,0,0,0.1,0,5,0,4,2800,85494,2096,69391
453,2021-12-13 13:08:50+00:00,-2.2,-2.9,-2.2,95,753.5,0,0,0.1,0,5,0,4,2800,85494,2096,69391
454,2021-12-13 13:09:05+00:00,-2.2,-2.9,-2.2,95,753.5,0,0,0.1,0,5,0,4,2800,85494,2096,69391
455,2021-12-13 13:09:21+00:00,-2.2,-2.9,-2.2,95,753.5,0,0,0.1,0,5,0,4,2594,85483,1931,69379
456,2021-12-13 13:09:35+00:00,-2.2,-2.9,-2.2,95,753.5,0,0,0.1,0,5,0,4,2594,85483,1931,69379
457,2021-12-13 13:09:50+00:00,-2.2,-2.9,-2.2,95,753.5,0,0,0.1,0,5,0,4,2594,85483,1931,69379
458,2021-12-13 13:10:05+00:00,-2.2,-2.9,-2.2,95,753.5,0,0,0.1,0,5,0,4,2594,85483,1931,69379
459,2021-12-13 13:10:21+00:00,-2.2,-2.9,-3.6,95,753.5,0,0,0.1,0,5,0,4,2418,85471,1789,69367
460,2021-12-13 13:10:35+00:00,-2.2,-2.9,-3.6,95,753.5,0,0,0.1,0,5,0,4,2418,85471,1789,69367
461,2021-12-13 13:10:50+00:00,-2.2,-2.9,-3.6,95,753.5,0,0,0.1,0,5,0,4,2418,85471,1789,69367
462,2021-12-13 13:11:05+00:00,-2.2,-2.9,-3.6,95,753.4,0,0,0.1,0,5,0,4,2418,85471,1789,69367
463,2021-12-13 13:11:21+00:00,-2.2,-2.9,-2.2,95,753.4,0,0,0.1,0,5,0,4,2270,85460,1668,69355
464,2021-12-13 13:11:35+00:00,-2.2,-2.9,-2.2,95,753.4,0,0,0.1,0,5,0,4,2270,85460,1668,69355
465,2021-12-13 13:11:50+00:00,-2.2,-2.9,-2.2,95,753.4,0,0,0.1,0,5,0,4,2270,85460,1668,69355
466,2021-12-13 13:12:05+00:00,-2.2,-2.9,-2.2,95,753.4,0,0,0.1,0,5,0,4,2270,85460,1668,69355
467,2021-12-13 13:12:21+00:00,-2.2,-2.9,-4.6,95,753.4,0,0,0.1,0,5,0,4,2135,85450,1557,69345
468,2021-12-13 13:12:35+00:00,-2.2,-2.9,-4.6,95,753.4,0,0,0.1,0,5,0,4,2135,85450,1557,69345
469,2021-12-13 13:12:50+00:00,-2.2,-2.9,-4.6,95,753.4,0,0,0.1,0,5,0,4,2135,85450,1557,69345
470,2021-12-13 13:13:05+00:00,-2.2,-2.9,-4.6,96,753.4,0,0,0.1,0,5,0,4,2135,85450,1557,69345
471,2021-12-13 13:13:21+00:00,-2.2,-2.8,-2.2,96,753.4,0,0,0.1,0,5,0,4,2004,85442,1448,69336
472,2021-12-13 13:13:35+00:00,-2.2,-2.8,-2.2,96,753.4,0,0,0.1,0,5,0,4,2004,85442,1448,69336
473,2021-12-13 13:13:50+00:00,-2.2,-2.8,-2.2,96,753.4,0,0,0.1,0,5,0,4,2004,85442,1448,69336
474,2021-12-13 13:14:05+00:00,-2.2,-2.8,-2.2,96,753.4,0,0,0.1,0,5,0,4,2004,85442,1448,69336
475,2021-12-13 13:14:21+00:00,-2.2,-2.8,-3.2,96,753.4,0,0,0.1,0,5,0,4,1879,85435,1345,69328
476,2021-12-13 13:14:35+00:00,-2.2,-2.8,-3.2,96,753.4,0,0,0.1,0,5,0,4,1879,85435,1345,69328
477,2021-12-13 13:14:50+00:00,-2.2,-2.8,-3.2,96,753.4,0,0,0.1,0,5,0,4,1879,85435,1345,69328
478,2021-12-13 13:15:05+00:00,-2.2,-2.8,-3.2,96,753.4,0,0,0.1,0,5,0,4,1879,85435,1345,69328
479,2021-12-13 13:15:21+00:00,-2.2,-2.8,-2.8,96,753.4,0,0,0.1,0,5,0,4,1761,85427,1247,69319
480,2021-12-13 13:15:35+00:00,-2.2,-2.8,-2.8,96,753.4,0,0,0.1,0,5,0,4,1761,85427,1247,69319
481,2021-12-13 13:15:50+00:00,-2.2,-2.8,-2.8,96,753.4,0,0,0.1,0,5,0,4,1761,85427,1247,69319
482,2021-12-13 13:16:05+00:00,-2.2,-2.8,-2.8,96,753.4,0,0,0.1,0,5,0,4,1761,85427,1247,69319
483,2021-12-13 13:16:21+00:00,-2.2,-2.8,-3.2,96,753.4,0,0,0.1,0,5,0,4,1651,85420,1155,69311
484,2021-12-13 13:16:35+00:00,-2.2,-2.8,-3.2,96,753.4,0,0,0.1,0,5,0,4,1651,85420,1155,69311
485,2021-12-13 13:16:50+00:00,-2.2,-2.8,-3.2,96,753.4,0,0,0.1,0,5,0,4,1651,85420,1155,69311
486,2021-12-13 13:17:05+00:00,-2.2,-2.8,-3.2,95,753.4,0,0,0.1,0,5,0,4,1651,85420,1155,69311
487,2021-12-13 13:17:21+00:00,-2.2,-2.9,-2.2,95,753.4,0,0,0.1,0,5,0,4,1551,85414,1071,69303
488,2021-12-13 13:17:35+00:00,-2.2,-2.9,-2.2,95,753.4,0,0,0.1,0,5,0,4,1551,85414,1071,69303
489,2021-12-13 13:17:50+00:00,-2.2,-2.9,-2.2,95,753.4,0,0,0.1,0,5,0,4,1551,85414,1071,69303
490,2021-12-13 13:18:05+00:00,-2.1,-2.9,-2.2,96,753.4,0,0,0.1,0,5,0,4,1551,85414,1071,69303
491,2021-12-13 13:18:21+00:00,-2.1,-2.7,-2.1,96,753.4,0,0,0.1,0,5,0,4,1462,85408,996,69296
492,2021-12-13 13:18:35+00:00,-2.1,-2.7,-2.1,96,753.4,0,0,0.1,0,5,0,4,1462,85408,996,69296
493,2021-12-13 13:39:05+00:00,-2,-2.7,-2,95,753.6,0,0,0.1,0,5,-1,4,341,85302,44,69165
494,2021-12-13 13:39:21+00:00,-2,-2.6,-2,95,753.6,0,0,0.1,0,5,-1,4,302,85294,9,69155
495,2021-12-13 13:39:35+00:00,-2,-2.6,-2,95,753.6,0,0,0.1,0,5,-1,4,302,85294,9,69155
496,2021-12-13 13:39:50+00:00,-2,-2.6,-2,95,753.6,0,0,0.1,0,5,-1,4,302,85294,9,69155
497,2021-12-13 13:40:05+00:00,-2,-2.6,-2,96,753.6,0,0,0.1,0,5,-1,4,302,85294,9,69155
498,2021-12-13 13:40:21+00:00,-2,-2.6,-2,96,753.6,0,0,0.1,0,5,-1,4,266,85287,-21,69145
499,2021-12-13 13:40:35+00:00,-2,-2.6,-2,96,753.6,0,0,0.1,0,5,-1,4,266,85287,-21,69145
500,2021-12-13 13:40:50+00:00,-2,-2.6,-2,96,753.6,0,0,0.1,0,5,-1,4,266,85287,-21,69145
501,2021-12-13 13:41:05+00:00,-2,-2.6,-2,96,753.6,0,0,0.1,0,5,-1,4,266,85287,-21,69145
502,2021-12-13 13:41:21+00:00,-2,-2.6,-2,96,753.6,0,0,0.1,0,5,-1,4,235,85280,-48,69137
503,2021-12-13 13:41:35+00:00,-2,-2.6,-2,96,753.6,0,0,0.1,0,5,-1,4,235,85280,-48,69137
504,2021-12-13 13:41:50+00:00,-2,-2.6,-2,96,753.6,0,0,0.1,0,5,-1,4,235,85280,-48,69137
505,2021-12-13 13:42:05+00:00,-1.9,-2.6,-2,96,753.5,0,0,0.1,0,5,-1,4,235,85280,-48,69137
506,2021-12-13 13:42:21+00:00,-1.9,-2.4,-1.9,96,753.5,0,0,0.1,0,5,-1,4,204,85273,-74,69128
507,2021-12-13 13:42:35+00:00,-1.9,-2.4,-1.9,96,753.5,0,0,0.1,0,5,-1,4,204,85273,-74,69128
508,2021-12-13 13:42:50+00:00,-1.9,-2.4,-1.9,96,753.5,0,0,0.1,0,5,-1,4,204,85273,-74,69128
509,2021-12-13 13:43:05+00:00,-1.9,-2.4,-1.9,96,753.5,0,0,0.1,0,5,-1,4,204,85273,-74,69128
510,2021-12-13 13:43:50+00:00,-1.9,-2.5,-1.9,96,753.5,0,0,0.1,0,5,-1,4,177,85266,-98,69120
511,2021-12-13 13:44:05+00:00,-1.9,-2.5,-1.9,96,753.5,0,0,0.1,0,5,-1,4,177,85266,-98,69120
512,2021-12-13 13:44:21+00:00,-1.9,-2.5,-1.9,96,753.5,0,0,0.1,0,5,-1,4,151,85260,-121,69112
513,2021-12-13 13:44:35+00:00,-1.9,-2.5,-1.9,96,753.5,0,0,0.1,0,5,-1,4,151,85260,-121,69112
514,2021-12-13 13:44:50+00:00,-1.9,-2.5,-1.9,96,753.5,0,0,0.1,0,5,-1,4,151,85260,-121,69112
515,2021-12-13 13:45:05+00:00,-1.9,-2.5,-1.9,95,753.5,0,0,0.1,0,5,-1,4,151,85260,-121,69112
516,2021-12-13 13:45:21+00:00,-1.9,-2.7,-1.9,95,753.5,0,0,0.1,0,5,-1,4,126,85254,-142,69105
517,2021-12-13 13:45:35+00:00,-1.9,-2.7,-1.9,95,753.5,0,0,0.1,0,5,-1,4,126,85254,-142,69105
518,2021-12-13 13:45:50+00:00,-1.9,-2.7,-1.9,95,753.5,0,0,0.1,0,5,-1,4,126,85254,-142,69105
519,2021-12-13 13:46:05+00:00,-1.8,-2.7,-1.9,94,753.4,0,0,0.1,0,5,-1,4,126,85254,-142,69105
520,2021-12-13 13:46:21+00:00,-1.8,-2.6,-1.8,94,753.4,0,0,0.1,0,5,-1,4,102,85247,-163,69097
521,2021-12-13 13:46:35+00:00,-1.8,-2.6,-1.8,94,753.4,0,0,0.1,0,5,-1,4,102,85247,-163,69097
522,2021-12-13 13:46:50+00:00,-1.8,-2.6,-1.8,94,753.4,0,0,0.1,0,5,-1,4,102,85247,-163,69097
523,2021-12-13 13:47:05+00:00,-1.9,-2.6,-1.8,95,753.4,0,0,0.1,0,5,-1,4,102,85247,-163,69097
524,2021-12-13 13:47:21+00:00,-1.9,-2.7,-1.9,95,753.4,0,0,0.1,0,5,-1,4,77,85239,-183,69088
525,2021-12-13 13:47:35+00:00,-1.9,-2.7,-1.9,95,753.4,0,0,0.1,0,5,-1,4,77,85239,-183,69088
526,2021-12-13 13:47:50+00:00,-1.9,-2.7,-1.9,95,753.4,0,0,0.1,0,5,-1,4,77,85239,-183,69088
527,2021-12-13 13:48:05+00:00,-1.9,-2.7,-1.9,95,753.4,0,0,0.1,0,5,-1,4,77,85239,-183,69088
528,2021-12-13 13:48:21+00:00,-1.9,-2.7,-1.9,95,753.4,0,0,0.1,0,5,-1,4,54,85231,-204,69079
529,2021-12-13 13:48:35+00:00,-1.9,-2.7,-1.9,95,753.4,0,0,0.1,0,5,-1,4,54,85231,-204,69079
530,2021-12-13 13:48:50+00:00,-1.9,-2.7,-1.9,95,753.4,0,0,0.1,0,5,-1,4,54,85231,-204,69079
531,2021-12-13 13:49:05+00:00,-1.9,-2.7,-1.9,95,753.4,0,0,0.1,0,5,-1,4,54,85231,-204,69079
532,2021-12-13 13:49:21+00:00,-1.9,-2.6,-1.9,95,753.4,0,0,0.1,0,5,-1,4,32,85223,-223,69069
533,2021-12-13 13:49:35+00:00,-1.9,-2.6,-1.9,95,753.4,0,0,0.1,0,5,-1,4,32,85223,-223,69069
534,2021-12-13 13:49:50+00:00,-1.9,-2.6,-1.9,95,753.4,0,0,0.1,0,5,-1,4,32,85223,-223,69069
535,2021-12-13 13:50:05+00:00,-1.9,-2.6,-1.9,95,753.4,0,0,0.1,0,5,-1,4,32,85223,-223,69069
536,2021-12-13 13:50:21+00:00,-1.9,-2.5,-1.9,95,753.4,0,0,0.1,0,5,-1,4,11,85215,-241,69060
537,2021-12-13 13:50:35+00:00,-1.9,-2.5,-1.9,95,753.4,0,0,0.1,0,5,-1,4,11,85215,-241,69060
538,2021-12-13 13:50:50+00:00,-1.9,-2.5,-1.9,95,753.4,0,0,0.1,0,5,-1,4,11,85215,-241,69060
539,2021-12-13 13:51:05+00:00,-1.9,-2.5,-1.9,96,753.4,0,0,0.1,0,5,-1,4,11,85215,-241,69060
540,2021-12-13 13:51:21+00:00,-1.9,-2.5,-1.9,96,753.4,0,0,0.1,0,5,-1,4,-9,85207,-258,69052
541,2021-12-13 13:51:35+00:00,-1.9,-2.5,-1.9,96,753.4,0,0,0.1,0,5,-1,4,-9,85207,-258,69052
542,2021-12-13 13:51:50+00:00,-1.9,-2.5,-1.9,96,753.4,0,0,0.1,0,5,-1,4,-9,85207,-258,69052
543,2021-12-13 13:52:05+00:00,-1.9,-2.5,-1.9,96,753.4,0,0,0.1,0,5,-1,4,-9,85207,-258,69052
544,2021-12-13 13:52:21+00:00,-1.9,-2.5,-1.9,96,753.4,0,0,0.1,0,5,-1,4,-29,85199,-275,69044
545,2021-12-13 13:52:35+00:00,-1.9,-2.5,-1.9,96,753.4,0,0,0.1,0,5,-1,4,-29,85199,-275,69044
546,2021-12-13 13:52:50+00:00,-1.9,-2.5,-1.9,96,753.4,0,0,0.1,0,5,-1,4,-29,85199,-275,69044
547,2021-12-13 13:53:05+00:00,-1.9,-2.5,-1.9,96,753.4,0,0,0.1,0,5,-1,4,-29,85199,-275,69044
548,2021-12-13 13:53:21+00:00,-1.9,-2.5,-1.9,96,753.4,0,0,0.1,0,5,-1,4,-47,85191,-290,69035
549,2021-12-13 13:53:35+00:00,-1.9,-2.5,-1.9,96,753.4,0,0,0.1,0,5,-1,4,-47,85191,-290,69035
550,2021-12-13 13:53:50+00:00,-1.9,-2.5,-1.9,96,753.4,0,0,0.1,0,5,-1,4,-47,85191,-290,69035
551,2021-12-13 13:54:05+00:00,-1.9,-2.5,-1.9,96,753.4,0,0,0.1,0,5,-1,4,-47,85191,-290,69035
552,2021-12-13 13:54:21+00:00,-1.9,-2.4,-1.9,96,753.4,0,0,0.1,0,5,-1,4,-64,85182,-303,69026
553,2021-12-13 13:54:35+00:00,-1.9,-2.4,-1.9,96,753.4,0,0,0.1,0,5,-1,4,-64,85182,-303,69026
554,2021-12-13 13:54:50+00:00,-1.9,-2.4,-1.9,96,753.4,0,0,0.1,0,5,-1,4,-64,85182,-303,69026
555,2021-12-13 13:55:05+00:00,-1.9,-2.4,-1.9,97,753.4,0,0,0.1,0,5,-1,4,-64,85182,-303,69026
556,2021-12-13 13:55:21+00:00,-1.9,-2.4,-1.9,97,753.4,0,0,0.1,0,5,-1,4,-78,85175,-315,69017
557,2021-12-13 13:55:35+00:00,-1.9,-2.4,-1.9,97,753.4,0,0,0.1,0,5,-1,4,-78,85175,-315,69017
558,2021-12-13 13:55:50+00:00,-1.9,-2.4,-1.9,97,753.4,0,0,0.1,0,5,-1,4,-78,85175,-315,69017
559,2021-12-13 13:56:05+00:00,-1.9,-2.4,-1.9,96,753.4,0,0,0.1,0,5,-1,4,-78,85175,-315,69017
560,2021-12-13 13:56:21+00:00,-1.9,-2.4,-1.9,96,753.4,0,0,0.1,0,5,-1,4,-90,85167,-325,69008
561,2021-12-13 13:56:35+00:00,-1.9,-2.4,-1.9,96,753.4,0,0,0.1,0,5,-1,4,-90,85167,-325,69008
562,2021-12-13 13:56:50+00:00,-1.9,-2.4,-1.9,96,753.4,0,0,0.1,0,5,-1,4,-90,85167,-325,69008
563,2021-12-13 13:57:05+00:00,-1.9,-2.4,-1.9,96,753.4,0,0,0.1,0,5,-1,4,-90,85167,-325,69008
564,2021-12-13 13:57:21+00:00,-1.9,-2.4,-1.9,96,753.4,0,0,0.1,0,5,-1,4,-101,85160,-333,68999
565,2021-12-13 13:57:35+00:00,-1.9,-2.4,-1.9,96,753.4,0,0,0.1,0,5,-1,4,-101,85160,-333,68999
566,2021-12-13 13:57:50+00:00,-1.9,-2.4,-1.9,96,753.4,0,0,0.1,0,5,-1,4,-101,85160,-333,68999
567,2021-12-13 13:58:05+00:00,-1.9,-2.4,-1.9,96,753.4,0,0,0.1,0,5,-1,4,-101,85160,-333,68999
568,2021-12-13 13:58:21+00:00,-1.9,-2.4,-1.9,96,753.4,0,0,0.1,0,5,-1,4,-112,85152,-342,68989
569,2021-12-13 13:58:35+00:00,-1.9,-2.4,-1.9,96,753.4,0,0,0.1,0,5,-1,4,-112,85152,-342,68989
570,2021-12-13 13:58:50+00:00,-1.9,-2.4,-1.9,96,753.4,0,0,0.1,0,5,-1,4,-112,85152,-342,68989
571,2021-12-13 13:59:05+00:00,-1.9,-2.4,-1.9,96,753.4,0,0,0.1,0,5,-1,4,-112,85152,-342,68989
572,2021-12-13 13:59:21+00:00,-1.9,-2.4,-1.9,96,753.4,0,0,0.1,0,5,-1,4,-122,85144,-350,68979
573,2021-12-13 13:59:35+00:00,-1.9,-2.4,-1.9,96,753.4,0,0,0.1,0,5,-1,4,-122,85144,-350,68979
574,2021-12-13 13:59:50+00:00,-1.9,-2.4,-1.9,96,753.4,0,0,0.1,0,5,-1,4,-122,85144,-350,68979
575,2021-12-13 14:00:05+00:00,-1.9,-2.4,-1.9,97,753.4,0,0,0.1,0,5,-1,4,-122,85144,-350,68979
576,2021-12-13 14:00:21+00:00,-1.9,-2.4,-1.9,97,753.4,0,0,0.1,0,5,-1,4,-131,85135,-358,68969
577,2021-12-13 14:00:35+00:00,-1.9,-2.4,-1.9,97,753.4,0,0,0.1,0,5,-1,4,-131,85135,-358,68969
578,2021-12-13 14:00:50+00:00,-1.9,-2.4,-1.9,97,753.4,0,0,0.1,0,5,-1,4,-131,85135,-358,68969
579,2021-12-13 14:01:05+00:00,-1.9,-2.4,-1.9,97,753.4,0,0,0.1,0,5,-1,4,-131,85135,-358,68969
580,2021-12-13 14:01:21+00:00,-1.9,-2.3,-2.9,97,753.4,0,0,0.1,0,5,-1,4,-140,85126,-364,68961
581,2021-12-13 14:01:35+00:00,-1.9,-2.3,-2.9,97,753.4,0,0,0.1,0,5,-1,4,-140,85126,-364,68961
582,2021-12-13 14:01:50+00:00,-1.9,-2.3,-2.9,97,753.4,0,0,0.1,0,5,-1,4,-140,85126,-364,68961
583,2021-12-13 14:02:05+00:00,-1.9,-2.3,-2.9,97,753.4,0,0,0.1,0,5,-1,4,-140,85126,-364,68961
584,2021-12-13 14:02:21+00:00,-1.9,-2.4,-1.9,97,753.4,0,0,0.1,0,5,-1,4,-146,85119,-369,68953
585,2021-12-13 14:02:35+00:00,-1.9,-2.4,-1.9,97,753.4,0,0,0.1,0,5,-1,4,-146,85119,-369,68953
586,2021-12-13 14:02:50+00:00,-1.9,-2.4,-1.9,97,753.4,0,0,0.1,0,5,-1,4,-146,85119,-369,68953
587,2021-12-13 14:03:05+00:00,-1.9,-2.4,-1.9,97,753.4,0,0,0.1,0,5,-1,4,-146,85119,-369,68953
588,2021-12-13 14:03:21+00:00,-1.9,-2.4,-1.9,97,753.4,0,0,0.1,0,5,-1,4,-152,85111,-373,68945
589,2021-12-13 14:03:35+00:00,-1.9,-2.4,-1.9,97,753.4,0,0,0.1,0,5,-1,4,-152,85111,-373,68945
590,2021-12-13 14:03:50+00:00,-1.9,-2.4,-1.9,97,753.4,0,0,0.1,0,5,-1,4,-152,85111,-373,68945
591,2021-12-13 14:04:05+00:00,-1.9,-2.4,-1.9,97,753.4,0,0,0.1,0,5,-1,4,-152,85111,-373,68945
592,2021-12-13 14:04:21+00:00,-1.9,-2.3,-1.9,97,753.4,0,0,0.1,0,5,0,4,-156,85105,-375,68938
593,2021-12-13 14:04:35+00:00,-1.9,-2.3,-1.9,97,753.4,0,0,0.1,0,5,0,4,-156,85105,-375,68938
594,2021-12-13 14:04:50+00:00,-1.9,-2.3,-1.9,97,753.4,0,0,0.1,0,5,0,4,-156,85105,-375,68938
595,2021-12-13 14:05:05+00:00,-1.9,-2.3,-1.9,97,753.3,0,0,0.1,0,5,0,4,-156,85105,-375,68938
596,2021-12-13 14:05:21+00:00,-1.9,-2.3,-1.9,97,753.3,0,0,0.1,0,5,0,4,-159,85099,-377,68931
597,2021-12-13 14:05:35+00:00,-1.9,-2.3,-1.9,97,753.3,0,0,0.1,0,5,0,4,-159,85099,-377,68931
598,2021-12-13 14:05:50+00:00,-1.9,-2.3,-1.9,97,753.3,0,0,0.1,0,5,0,4,-159,85099,-377,68931
599,2021-12-13 14:06:05+00:00,-1.9,-2.3,-1.9,97,753.3,0,0,0.1,0,5,0,4,-159,85099,-377,68931
600,2021-12-13 14:06:21+00:00,-1.9,-2.3,-2.1,97,753.3,0,0,0.1,0,5,0,4,-161,85093,-377,68926
601,2021-12-13 14:06:35+00:00,-1.9,-2.3,-2.1,97,753.3,0,0,0.1,0,5,0,4,-161,85093,-377,68926
602,2021-12-13 14:06:50+00:00,-1.9,-2.3,-2.1,97,753.3,0,0,0.1,0,5,0,4,-161,85093,-377,68926
603,2021-12-13 14:07:05+00:00,-1.9,-2.3,-2.1,97,753.3,0,0,0.1,0,5,0,4,-161,85093,-377,68926
604,2021-12-13 14:07:21+00:00,-1.9,-2.3,-1.9,97,753.3,0,0,0.1,0,5,0,4,-163,85088,-378,68919
605,2021-12-13 14:07:35+00:00,-1.9,-2.3,-1.9,97,753.3,0,0,0.1,0,5,0,4,-163,85088,-378,68919
606,2021-12-13 14:07:50+00:00,-1.9,-2.3,-1.9,97,753.3,0,0,0.1,0,5,0,4,-163,85088,-378,68919
607,2021-12-13 14:08:05+00:00,-1.9,-2.3,-1.9,97,753.3,0,0,0.1,0,5,0,4,-163,85088,-378,68919
608,2021-12-13 14:08:21+00:00,-1.9,-2.3,-1.9,97,753.3,0,0,0.1,0,5,0,4,-165,85084,-378,68915
609,2021-12-13 14:08:35+00:00,-1.9,-2.3,-1.9,97,753.3,0,0,0.1,0,5,0,4,-165,85084,-378,68915
610,2021-12-13 14:08:50+00:00,-1.9,-2.3,-1.9,97,753.3,0,0,0.1,0,5,0,4,-165,85084,-378,68915
611,2021-12-13 14:09:05+00:00,-1.8,-2.3,-1.9,97,753.4,0,0,0.1,0,5,0,4,-165,85084,-378,68915
612,2021-12-13 14:09:21+00:00,-1.8,-2.2,-1.8,97,753.4,0,0,0.1,0,5,0,4,-166,85079,-378,68911
613,2021-12-13 14:09:35+00:00,-1.8,-2.2,-1.8,97,753.4,0,0,0.1,0,5,0,4,-166,85079,-378,68911
614,2021-12-13 14:09:50+00:00,-1.8,-2.2,-1.8,97,753.4,0,0,0.1,0,5,0,4,-166,85079,-378,68911
615,2021-12-13 14:10:05+00:00,-1.9,-2.2,-1.8,97,753.4,0,0,0.1,0,5,0,4,-166,85079,-378,68911
616,2021-12-13 14:10:21+00:00,-1.9,-2.3,-1.9,97,753.4,0,0,0.1,0,5,0,4,-166,85074,-377,68906
617,2021-12-13 14:10:35+00:00,-1.9,-2.3,-1.9,97,753.4,0,0,0.1,0,5,0,4,-166,85074,-377,68906
618,2021-12-13 14:10:50+00:00,-1.9,-2.3,-1.9,97,753.4,0,0,0.1,0,5,0,4,-166,85074,-377,68906
619,2021-12-13 14:11:05+00:00,-1.9,-2.3,-1.9,97,753.4,0,0,0.1,0,5,0,4,-166,85074,-377,68906
620,2021-12-13 14:11:21+00:00,-1.9,-2.3,-1.9,97,753.4,0,0,0.1,0,5,0,4,-167,85069,-376,68901
621,2021-12-13 14:11:35+00:00,-1.9,-2.3,-1.9,97,753.4,0,0,0.1,0,5,0,4,-167,85069,-376,68901
622,2021-12-13 14:11:50+00:00,-1.9,-2.3,-1.9,97,753.4,0,0,0.1,0,5,0,4,-167,85069,-376,68901
623,2021-12-13 14:12:05+00:00,-1.9,-2.3,-1.9,97,753.4,0,0,0.1,0,5,0,4,-167,85069,-376,68901
624,2021-12-13 14:12:21+00:00,-1.9,-2.3,-1.9,97,753.4,0,0,0.1,0,5,0,4,-167,85064,-375,68897
625,2021-12-13 14:12:35+00:00,-1.9,-2.3,-1.9,97,753.4,0,0,0.1,0,5,0,4,-167,85064,-375,68897
626,2021-12-13 14:12:50+00:00,-1.9,-2.3,-1.9,97,753.4,0,0,0.1,0,5,0,4,-167,85064,-375,68897
627,2021-12-13 14:13:05+00:00,-1.8,-2.3,-1.9,97,753.4,0,0,0.1,0,5,0,4,-167,85064,-375,68897
628,2021-12-13 14:13:21+00:00,-1.8,-2.2,-1.8,97,753.4,0,0,0.1,0,5,0,4,-169,85059,-376,68892
629,2021-12-13 14:13:35+00:00,-1.8,-2.2,-1.8,97,753.4,0,0,0.1,0,5,0,4,-169,85059,-376,68892
630,2021-12-13 14:13:50+00:00,-1.8,-2.2,-1.8,97,753.4,0,0,0.1,0,5,0,4,-169,85059,-376,68892
631,2021-12-13 14:14:05+00:00,-1.8,-2.2,-1.8,97,753.4,0,0,0.1,0,5,0,4,-169,85059,-376,68892
632,2021-12-13 14:14:21+00:00,-1.8,-2.2,-1.8,97,753.4,0,0,0.1,0,5,0,4,-170,85054,-376,68887
633,2021-12-13 14:14:35+00:00,-1.8,-2.2,-1.8,97,753.4,0,0,0.1,0,5,0,4,-170,85054,-376,68887
634,2021-12-13 14:14:50+00:00,-1.8,-2.2,-1.8,97,753.4,0,0,0.1,0,5,0,4,-170,85054,-376,68887
635,2021-12-13 14:15:05+00:00,-1.8,-2.2,-1.8,97,753.4,0,0,0.1,0,5,0,4,-170,85054,-376,68887
636,2021-12-13 14:15:21+00:00,-1.8,-2.2,-2,97,753.4,0,0,0.1,0,5,0,4,-171,85049,-375,68882
637,2021-12-13 14:15:35+00:00,-1.8,-2.2,-2,97,753.4,0,0,0.1,0,5,0,4,-171,85049,-375,68882
638,2021-12-13 14:15:50+00:00,-1.8,-2.2,-2,97,753.4,0,0,0.1,0,5,0,4,-171,85049,-375,68882
639,2021-12-13 14:16:05+00:00,-1.8,-2.2,-2,97,753.4,0,0,0.1,0,5,0,4,-171,85049,-375,68882
640,2021-12-13 14:16:21+00:00,-1.8,-2.3,-1.8,97,753.4,0,0,0.1,0,5,0,4,-172,85044,-376,68876
641,2021-12-13 14:16:35+00:00,-1.8,-2.3,-1.8,97,753.4,0,0,0.1,0,5,0,4,-172,85044,-376,68876
642,2021-12-13 14:16:50+00:00,-1.8,-2.3,-1.8,97,753.4,0,0,0.1,0,5,0,4,-172,85044,-376,68876
643,2021-12-13 14:17:05+00:00,-1.9,-2.3,-1.8,97,753.4,0,0,0.1,0,5,0,4,-172,85044,-376,68876
644,2021-12-13 14:17:21+00:00,-1.9,-2.3,-1.9,97,753.4,0,0,0.1,0,5,0,4,-174,85038,-377,68871
645,2021-12-13 14:17:35+00:00,-1.9,-2.3,-1.9,97,753.4,0,0,0.1,0,5,0,4,-174,85038,-377,68871
646,2021-12-13 14:17:50+00:00,-1.9,-2.3,-1.9,97,753.4,0,0,0.1,0,5,0,4,-174,85038,-377,68871
647,2021-12-13 14:18:05+00:00,-1.8,-2.3,-1.9,97,753.4,0,0,0.1,0,5,0,4,-174,85038,-377,68871
648,2021-12-13 14:18:21+00:00,-1.8,-2.2,-1.8,97,753.4,0,0,0.1,0,5,0,4,-175,85033,-377,68865
649,2021-12-13 14:18:35+00:00,-1.8,-2.2,-1.8,97,753.4,0,0,0.1,0,5,0,4,-175,85033,-377,68865
650,2021-12-13 14:18:50+00:00,-1.8,-2.2,-1.8,97,753.4,0,0,0.1,0,5,0,4,-175,85033,-377,68865
651,2021-12-13 14:19:05+00:00,-1.8,-2.2,-1.8,97,753.4,0,0,0.1,0,5,0,4,-175,85033,-377,68865
652,2021-12-13 14:19:21+00:00,-1.8,-2.2,-1.8,97,753.4,0,0,0.1,0,5,0,4,-176,85028,-377,68860
653,2021-12-13 14:19:35+00:00,-1.8,-2.2,-1.8,97,753.4,0,0,0.1,0,5,0,4,-176,85028,-377,68860
654,2021-12-13 14:19:50+00:00,-1.8,-2.2,-1.8,97,753.4,0,0,0.1,0,5,0,4,-176,85028,-377,68860
655,2021-12-13 14:20:05+00:00,-1.8,-2.2,-1.8,97,753.4,0,0,0.1,0,5,0,4,-176,85028,-377,68860
656,2021-12-13 14:20:21+00:00,-1.8,-2.2,-1.8,97,753.4,0,0,0.1,0,5,0,4,-178,85022,-378,68854
657,2021-12-13 14:20:35+00:00,-1.8,-2.2,-1.8,97,753.4,0,0,0.1,0,5,0,4,-178,85022,-378,68854
658,2021-12-13 14:20:50+00:00,-1.8,-2.2,-1.8,97,753.4,0,0,0.1,0,5,0,4,-178,85022,-378,68854
659,2021-12-13 14:21:05+00:00,-1.8,-2.2,-1.8,97,753.4,0,0,0.1,0,5,0,4,-178,85022,-378,68854
660,2021-12-13 14:21:21+00:00,-1.8,-2.2,-1.8,97,753.4,0,0,0.1,0,5,0,4,-179,85016,-379,68848
661,2021-12-13 14:21:35+00:00,-1.8,-2.2,-1.8,97,753.4,0,0,0.1,0,5,0,4,-179,85016,-379,68848
662,2021-12-13 14:21:50+00:00,-1.8,-2.2,-1.8,97,753.4,0,0,0.1,0,5,0,4,-179,85016,-379,68848
663,2021-12-13 14:22:05+00:00,-1.8,-2.2,-1.8,97,753.4,0,0,0.1,0,5,0,4,-179,85016,-379,68848
664,2021-12-13 14:22:21+00:00,-1.8,-2.2,-1.8,97,753.4,0,0,0.1,0,5,0,4,-180,85009,-379,68841
665,2021-12-13 14:22:35+00:00,-1.8,-2.2,-1.8,97,753.4,0,0,0.1,0,5,0,4,-180,85009,-379,68841
666,2021-12-13 14:22:50+00:00,-1.8,-2.2,-1.8,97,753.4,0,0,0.1,0,5,0,4,-180,85009,-379,68841
667,2021-12-13 14:23:05+00:00,-1.8,-2.2,-1.8,97,753.4,0,0,0.1,0,5,0,4,-180,85009,-379,68841
668,2021-12-13 14:23:21+00:00,-1.8,-2.2,-1.8,97,753.4,0,0,0.1,0,5,0,4,-180,85003,-378,68836
669,2021-12-13 14:23:35+00:00,-1.8,-2.2,-1.8,97,753.4,0,0,0.1,0,5,0,4,-180,85003,-378,68836
670,2021-12-13 14:23:50+00:00,-1.8,-2.2,-1.8,97,753.4,0,0,0.1,0,5,0,4,-180,85003,-378,68836
671,2021-12-13 14:24:05+00:00,-1.8,-2.2,-1.8,97,753.4,0,0,0.1,0,5,0,4,-180,85003,-378,68836
672,2021-12-13 14:24:21+00:00,-1.8,-2.2,-1.8,97,753.4,0,0,0.1,0,5,0,4,-180,84998,-377,68830
673,2021-12-13 14:24:35+00:00,-1.8,-2.2,-1.8,97,753.4,0,0,0.1,0,5,0,4,-180,84998,-377,68830
674,2021-12-13 14:24:50+00:00,-1.8,-2.2,-1.8,97,753.4,0,0,0.1,0,5,0,4,-180,84998,-377,68830
675,2021-12-13 14:25:05+00:00,-1.8,-2.2,-1.8,97,753.4,0,0,0.1,0,5,0,4,-180,84998,-377,68830
676,2021-12-13 14:25:21+00:00,-1.8,-2.2,-1.8,97,753.4,0,0,0.1,0,5,0,4,-179,84993,-375,68825
677,2021-12-13 14:25:35+00:00,-1.8,-2.2,-1.8,97,753.4,0,0,0.1,0,5,0,4,-179,84993,-375,68825
678,2021-12-13 14:25:50+00:00,-1.8,-2.2,-1.8,97,753.4,0,0,0.1,0,5,0,4,-179,84993,-375,68825
679,2021-12-13 14:26:05+00:00,-1.8,-2.2,-1.8,97,753.4,0,0,0.1,0,5,0,4,-179,84993,-375,68825
680,2021-12-13 14:26:21+00:00,-1.8,-2.2,-1.8,97,753.4,0,0,0.1,0,5,0,4,-178,84988,-374,68820
681,2021-12-13 14:26:35+00:00,-1.8,-2.2,-1.8,97,753.4,0,0,0.1,0,5,0,4,-178,84988,-374,68820
682,2021-12-13 14:26:50+00:00,-1.8,-2.2,-1.8,97,753.4,0,0,0.1,0,5,0,4,-178,84988,-374,68820
683,2021-12-13 14:27:05+00:00,-1.8,-2.2,-1.8,97,753.4,0,0,0.1,0,5,0,4,-178,84988,-374,68820
684,2021-12-13 14:27:21+00:00,-1.8,-2.2,-1.8,97,753.4,0,0,0.1,0,5,0,4,-177,84983,-373,68815
685,2021-12-13 14:27:35+00:00,-1.8,-2.2,-1.8,97,753.4,0,0,0.1,0,5,0,4,-177,84983,-373,68815
686,2021-12-13 14:27:50+00:00,-1.8,-2.2,-1.8,97,753.4,0,0,0.1,0,5,0,4,-177,84983,-373,68815
687,2021-12-13 14:28:05+00:00,-1.8,-2.2,-1.8,98,753.4,0,0,0.1,0,5,0,4,-177,84983,-373,68815
688,2021-12-13 14:28:21+00:00,-1.8,-2.1,-1.8,98,753.4,0,0,0.1,0,5,0,4,-176,84979,-371,68810
689,2021-12-13 14:28:35+00:00,-1.8,-2.1,-1.8,98,753.4,0,0,0.1,0,5,0,4,-176,84979,-371,68810
690,2021-12-13 14:28:50+00:00,-1.8,-2.1,-1.8,98,753.4,0,0,0.1,0,5,0,4,-176,84979,-371,68810
691,2021-12-13 14:29:05+00:00,-1.8,-2.1,-1.8,97,753.4,0,0,0.1,0,5,0,4,-176,84979,-371,68810
692,2021-12-13 14:29:21+00:00,-1.8,-2.2,-1.8,97,753.4,0,0,0.1,0,5,0,4,-176,84974,-369,68806
693,2021-12-13 14:29:35+00:00,-1.8,-2.2,-1.8,97,753.4,0,0,0.1,0,5,0,4,-176,84974,-369,68806
694,2021-12-13 14:29:50+00:00,-1.8,-2.2,-1.8,97,753.4,0,0,0.1,0,5,0,4,-176,84974,-369,68806
695,2021-12-13 14:30:05+00:00,-1.8,-2.2,-1.8,97,753.4,0,0,0.1,0,5,0,4,-176,84974,-369,68806
696,2021-12-13 14:30:21+00:00,-1.8,-2.2,-1.8,97,753.4,0,0,0.1,0,5,0,4,-175,84969,-368,68801
697,2021-12-13 14:30:35+00:00,-1.8,-2.2,-1.8,97,753.4,0,0,0.1,0,5,0,4,-175,84969,-368,68801
698,2021-12-13 14:30:50+00:00,-1.8,-2.2,-1.8,97,753.4,0,0,0.1,0,5,0,4,-175,84969,-368,68801
699,2021-12-13 14:31:05+00:00,-1.8,-2.2,-1.8,97,753.4,0,0,0.1,0,5,0,4,-175,84969,-368,68801
700,2021-12-13 14:31:21+00:00,-1.8,-2.2,-1.8,97,753.4,0,0,0.1,0,5,0,4,-175,84964,-366,68797
701,2021-12-13 14:31:35+00:00,-1.8,-2.2,-1.8,97,753.4,0,0,0.1,0,5,0,4,-175,84964,-366,68797
702,2021-12-13 14:31:50+00:00,-1.8,-2.2,-1.8,97,753.4,0,0,0.1,0,5,0,4,-175,84964,-366,68797
703,2021-12-13 14:32:05+00:00,-1.8,-2.2,-1.8,97,753.4,0,0,0.1,0,5,0,4,-175,84964,-366,68797
704,2021-12-13 14:32:21+00:00,-1.8,-2.2,-3.1,97,753.4,0,0,0.1,0,5,0,4,-174,84960,-364,68792
705,2021-12-13 14:32:35+00:00,-1.8,-2.2,-3.1,97,753.4,0,0,0.1,0,5,0,4,-174,84960,-364,68792
706,2021-12-13 14:32:50+00:00,-1.8,-2.2,-3.1,97,753.4,0,0,0.1,0,5,0,4,-174,84960,-364,68792
707,2021-12-13 14:33:05+00:00,-1.7,-2.2,-3.1,97,753.4,0,0,0.1,0,5,0,4,-174,84960,-364,68792
708,2021-12-13 14:33:21+00:00,-1.7,-2.1,-1.7,97,753.4,0,0,0.1,0,5,0,4,-175,84955,-363,68788
709,2021-12-13 14:33:35+00:00,-1.7,-2.1,-1.7,97,753.4,0,0,0.1,0,5,0,4,-175,84955,-363,68788
710,2021-12-13 14:33:50+00:00,-1.7,-2.1,-1.7,97,753.4,0,0,0.1,0,5,0,4,-175,84955,-363,68788
711,2021-12-13 14:34:05+00:00,-1.8,-2.1,-1.7,97,753.4,0,0,0.1,0,5,0,4,-175,84955,-363,68788
712,2021-12-13 14:34:21+00:00,-1.8,-2.2,-1.8,97,753.4,0,0,0.1,0,5,0,4,-176,84949,-362,68782
713,2021-12-13 14:34:35+00:00,-1.8,-2.2,-1.8,97,753.4,0,0,0.1,0,5,0,4,-176,84949,-362,68782
714,2021-12-13 14:34:50+00:00,-1.8,-2.2,-1.8,97,753.4,0,0,0.1,0,5,0,4,-176,84949,-362,68782
715,2021-12-13 14:35:05+00:00,-1.8,-2.2,-1.8,97,753.4,0,0,0.1,0,5,0,4,-176,84949,-362,68782
716,2021-12-13 14:35:21+00:00,-1.8,-2.2,-1.8,97,753.4,0,0,0.1,0,5,0,4,-177,84944,-361,68778
717,2021-12-13 14:35:35+00:00,-1.8,-2.2,-1.8,97,753.4,0,0,0.1,0,5,0,4,-177,84944,-361,68778
718,2021-12-13 14:35:50+00:00,-1.8,-2.2,-1.8,97,753.4,0,0,0.1,0,5,0,4,-177,84944,-361,68778
719,2021-12-13 14:36:05+00:00,-1.8,-2.2,-1.8,97,753.4,0,0,0.1,0,5,0,4,-177,84944,-361,68778
720,2021-12-13 14:36:21+00:00,-1.8,-2.2,-1.8,97,753.4,0,0,0.1,0,5,0,4,-177,84938,-360,68773
721,2021-12-13 14:36:35+00:00,-1.8,-2.2,-1.8,97,753.4,0,0,0.1,0,5,0,4,-177,84938,-360,68773
722,2021-12-13 14:36:50+00:00,-1.8,-2.2,-1.8,97,753.4,0,0,0.1,0,5,0,4,-177,84938,-360,68773
723,2021-12-13 14:37:05+00:00,-1.8,-2.2,-1.8,98,753.4,0,0,0.1,0,5,0,4,-177,84938,-360,68773
724,2021-12-13 14:37:21+00:00,-1.8,-2.1,-1.8,98,753.4,0,0,0.1,0,5,0,4,-176,84934,-357,68769
725,2021-12-13 14:37:35+00:00,-1.8,-2.1,-1.8,98,753.4,0,0,0.1,0,5,0,4,-176,84934,-357,68769
726,2021-12-13 14:37:50+00:00,-1.8,-2.1,-1.8,98,753.4,0,0,0.1,0,5,0,4,-176,84934,-357,68769
727,2021-12-13 14:38:05+00:00,-1.8,-2.1,-1.8,97,753.4,0,0,0.1,0,5,0,4,-176,84934,-357,68769
728,2021-12-13 14:38:21+00:00,-1.8,-2.2,-1.8,97,753.4,0,0,0.1,0,5,0,4,-174,84930,-353,68766
729,2021-12-13 14:38:35+00:00,-1.8,-2.2,-1.8,97,753.4,0,0,0.1,0,5,0,4,-174,84930,-353,68766
730,2021-12-13 14:38:50+00:00,-1.8,-2.2,-1.8,97,753.4,0,0,0.1,0,5,0,4,-174,84930,-353,68766
731,2021-12-13 14:39:05+00:00,-1.8,-2.2,-1.8,97,753.4,0,0,0.1,0,5,0,4,-174,84930,-353,68766
732,2021-12-13 14:39:21+00:00,-1.8,-2.2,-1.8,97,753.4,0,0,0.1,0,5,0,4,-171,84925,-348,68762
733,2021-12-13 14:39:35+00:00,-1.8,-2.2,-1.8,97,753.4,0,0,0.1,0,5,0,4,-171,84925,-348,68762
734,2021-12-13 14:39:50+00:00,-1.8,-2.2,-1.8,97,753.4,0,0,0.1,0,5,0,4,-171,84925,-348,68762
735,2021-12-13 14:40:05+00:00,-1.8,-2.2,-1.8,98,753.4,0,0,0.1,0,5,0,4,-171,84925,-348,68762
736,2021-12-13 14:40:21+00:00,-1.8,-2.1,-1.8,98,753.4,0,0,0.1,0,5,0,4,-168,84921,-344,68759
737,2021-12-13 14:40:35+00:00,-1.8,-2.1,-1.8,98,753.4,0,0,0.1,0,5,0,4,-168,84921,-344,68759
738,2021-12-13 14:40:50+00:00,-1.8,-2.1,-1.8,98,753.4,0,0,0.1,0,5,0,4,-168,84921,-344,68759
739,2021-12-13 14:41:05+00:00,-1.8,-2.1,-1.8,98,753.4,0,0,0.1,0,5,0,4,-168,84921,-344,68759
740,2021-12-13 14:41:21+00:00,-1.8,-2.1,-1.8,98,753.4,0,0,0.1,0,5,0,4,-166,84917,-340,68755
741,2021-12-13 14:41:35+00:00,-1.8,-2.1,-1.8,98,753.4,0,0,0.1,0,5,0,4,-166,84917,-340,68755
742,2021-12-13 14:41:50+00:00,-1.8,-2.1,-1.8,98,753.4,0,0,0.1,0,5,0,4,-166,84917,-340,68755
743,2021-12-13 14:42:05+00:00,-1.8,-2.1,-1.8,98,753.4,0,0,0.1,0,5,0,4,-166,84917,-340,68755
744,2021-12-13 14:42:21+00:00,-1.8,-2.1,-1.8,98,753.4,0,0,0.1,0,5,0,4,-162,84914,-335,68752
745,2021-12-13 14:42:35+00:00,-1.8,-2.1,-1.8,98,753.4,0,0,0.1,0,5,0,4,-162,84914,-335,68752
746,2021-12-13 14:42:50+00:00,-1.8,-2.1,-1.8,98,753.4,0,0,0.1,0,5,0,4,-162,84914,-335,68752
747,2021-12-13 14:43:05+00:00,-1.8,-2.1,-1.8,98,753.4,0,0,0.1,0,5,0,4,-162,84914,-335,68752
748,2021-12-13 14:43:21+00:00,-1.8,-2.1,-1.8,98,753.4,0,0,0.1,0,5,0,4,-159,84911,-331,68749
749,2021-12-13 14:43:35+00:00,-1.8,-2.1,-1.8,98,753.4,0,0,0.1,0,5,0,4,-159,84911,-331,68749
750,2021-12-13 14:43:50+00:00,-1.8,-2.1,-1.8,98,753.4,0,0,0.1,0,5,0,4,-159,84911,-331,68749
751,2021-12-13 14:44:05+00:00,-1.8,-2.1,-1.8,98,753.4,0,0,0.1,0,5,0,4,-159,84911,-331,68749
752,2021-12-13 14:44:21+00:00,-1.8,-2,-1.8,98,753.4,0,0,0.1,0,5,0,4,-156,84908,-327,68746
753,2021-12-13 14:44:35+00:00,-1.8,-2,-1.8,98,753.4,0,0,0.1,0,5,0,4,-156,84908,-327,68746
754,2021-12-13 14:44:50+00:00,-1.8,-2,-1.8,98,753.4,0,0,0.1,0,5,0,4,-156,84908,-327,68746
755,2021-12-13 14:45:05+00:00,-1.8,-2,-1.8,98,753.3,0,0,0.1,0,5,0,4,-156,84908,-327,68746
756,2021-12-13 14:45:21+00:00,-1.8,-2.1,-1.8,98,753.3,0,0,0.1,0,5,0,4,-153,84906,-323,68744
757,2021-12-13 14:45:35+00:00,-1.8,-2.1,-1.8,98,753.3,0,0,0.1,0,5,0,4,-153,84906,-323,68744
758,2021-12-13 14:45:50+00:00,-1.8,-2.1,-1.8,98,753.3,0,0,0.1,0,5,0,4,-153,84906,-323,68744
759,2021-12-13 14:46:05+00:00,-1.8,-2.1,-1.8,99,753.4,0,0,0.1,0,5,0,4,-153,84906,-323,68744
760,2021-12-13 14:46:21+00:00,-1.8,-2,-1.8,99,753.4,0,0,0.1,0,5,0,4,-150,84904,-319,68741
761,2021-12-13 14:46:35+00:00,-1.8,-2,-1.8,99,753.4,0,0,0.1,0,5,0,4,-150,84904,-319,68741
762,2021-12-13 14:46:50+00:00,-1.8,-2,-1.8,99,753.4,0,0,0.1,0,5,0,4,-150,84904,-319,68741
763,2021-12-13 14:47:05+00:00,-1.8,-2,-1.8,99,753.4,0,0,0.1,0,5,0,4,-150,84904,-319,68741
764,2021-12-13 14:47:21+00:00,-1.8,-2,-1.8,99,753.4,0,0,0.1,0,5,0,4,-145,84903,-314,68739
765,2021-12-13 14:47:35+00:00,-1.8,-2,-1.8,99,753.4,0,0,0.1,0,5,0,4,-145,84903,-314,68739
766,2021-12-13 14:47:50+00:00,-1.8,-2,-1.8,99,753.4,0,0,0.1,0,5,0,4,-145,84903,-314,68739
767,2021-12-13 14:48:05+00:00,-1.7,-2,-1.8,98,753.4,0,0,0.1,0,5,0,4,-145,84903,-314,68739
768,2021-12-13 14:48:21+00:00,-1.7,-2,-4.8,98,753.4,0,0,0.1,0,5,0,4,-140,84902,-308,68737
769,2021-12-13 14:48:35+00:00,-1.7,-2,-4.8,98,753.4,0,0,0.1,0,5,0,4,-140,84902,-308,68737
770,2021-12-13 14:48:50+00:00,-1.7,-2,-4.8,98,753.4,0,0,0.1,0,5,0,4,-140,84902,-308,68737
771,2021-12-13 14:49:05+00:00,-1.7,-2,-4.8,98,753.3,0,0,0.1,0,5,0,4,-140,84902,-308,68737
772,2021-12-13 14:49:21+00:00,-1.7,-2,-1.7,98,753.3,0,0,0.1,0,5,0,4,-137,84898,-304,68733
773,2021-12-13 14:49:35+00:00,-1.7,-2,-1.7,98,753.3,0,0,0.1,0,5,0,4,-137,84898,-304,68733
774,2021-12-13 14:49:50+00:00,-1.7,-2,-1.7,98,753.3,0,0,0.1,0,5,0,4,-137,84898,-304,68733
775,2021-12-13 14:50:05+00:00,-1.7,-2,-1.7,98,753.4,0,0,0.1,0,5,0,4,-137,84898,-304,68733
776,2021-12-13 14:50:21+00:00,-1.7,-2,-1.7,98,753.4,0,0,0.1,0,5,0,4,-131,84897,-298,68731
777,2021-12-13 14:50:35+00:00,-1.7,-2,-1.7,98,753.4,0,0,0.1,0,5,0,4,-131,84897,-298,68731
778,2021-12-13 14:50:50+00:00,-1.7,-2,-1.7,98,753.4,0,0,0.1,0,5,0,4,-131,84897,-298,68731
779,2021-12-13 14:51:05+00:00,-1.7,-2,-1.7,98,753.3,0,0,0.1,0,5,0,4,-131,84897,-298,68731
780,2021-12-13 14:51:21+00:00,-1.7,-2,-1.7,98,753.3,0,0,0.1,0,5,0,4,-126,84895,-293,68729
781,2021-12-13 14:51:35+00:00,-1.7,-2,-1.7,98,753.3,0,0,0.1,0,5,0,4,-126,84895,-293,68729
782,2021-12-13 14:51:50+00:00,-1.7,-2,-1.7,98,753.3,0,0,0.1,0,5,0,4,-126,84895,-293,68729
783,2021-12-13 14:52:05+00:00,-1.7,-2,-1.7,98,753.4,0,0,0.1,0,5,0,4,-126,84895,-293,68729
784,2021-12-13 14:52:21+00:00,-1.7,-2,-2.7,98,753.4,0,0,0.1,0,5,0,4,-121,84893,-288,68727
785,2021-12-13 14:52:35+00:00,-1.7,-2,-2.7,98,753.4,0,0,0.1,0,5,0,4,-121,84893,-288,68727
786,2021-12-13 14:52:50+00:00,-1.7,-2,-2.7,98,753.4,0,0,0.1,0,5,0,4,-121,84893,-288,68727
787,2021-12-13 14:53:05+00:00,-1.7,-2,-2.7,98,753.4,0,0,0.1,0,5,0,4,-121,84893,-288,68727
788,2021-12-13 14:53:21+00:00,-1.7,-2,-1.7,98,753.4,0,0,0.1,0,5,0,4,-119,84888,-286,68722
789,2021-12-13 14:53:35+00:00,-1.7,-2,-1.7,98,753.4,0,0,0.1,0,5,0,4,-119,84888,-286,68722
790,2021-12-13 14:53:50+00:00,-1.7,-2,-1.7,98,753.4,0,0,0.1,0,5,0,4,-119,84888,-286,68722
791,2021-12-13 14:54:05+00:00,-1.7,-2,-1.7,98,753.3,0,0,0.1,0,5,0,4,-119,84888,-286,68722
792,2021-12-13 14:54:21+00:00,-1.7,-2,-1.7,98,753.3,0,0,0.1,0,5,0,4,-117,84883,-284,68717
793,2021-12-13 14:54:35+00:00,-1.7,-2,-1.7,98,753.3,0,0,0.1,0,5,0,4,-117,84883,-284,68717
794,2021-12-13 14:54:50+00:00,-1.7,-2,-1.7,98,753.3,0,0,0.1,0,5,0,4,-117,84883,-284,68717
795,2021-12-13 14:55:05+00:00,-1.7,-2,-1.7,98,753.4,0,0,0.1,0,5,0,4,-117,84883,-284,68717
796,2021-12-13 14:55:21+00:00,-1.7,-2,-1.7,98,753.4,0,0,0.1,0,5,0,4,-117,84877,-283,68711
797,2021-12-13 14:55:35+00:00,-1.7,-2,-1.7,98,753.4,0,0,0.1,0,5,0,4,-117,84877,-283,68711
798,2021-12-13 14:55:50+00:00,-1.7,-2,-1.7,98,753.4,0,0,0.1,0,5,0,4,-117,84877,-283,68711
799,2021-12-13 14:56:05+00:00,-1.7,-2,-1.7,98,753.3,0,0,0.1,0,5,0,4,-117,84877,-283,68711
800,2021-12-13 14:56:21+00:00,-1.7,-2,-1.7,98,753.3,0,0,0.1,0,5,0,4,-117,84871,-281,68705
801,2021-12-13 14:56:35+00:00,-1.7,-2,-1.7,98,753.3,0,0,0.1,0,5,0,4,-117,84871,-281,68705
802,2021-12-13 14:56:50+00:00,-1.7,-2,-1.7,98,753.3,0,0,0.1,0,5,0,4,-117,84871,-281,68705
803,2021-12-13 14:57:05+00:00,-1.7,-2,-1.7,98,753.3,0,0,0.1,0,5,0,4,-117,84871,-281,68705
804,2021-12-13 14:57:21+00:00,-1.7,-2,-1.7,98,753.3,0,0,0.1,0,5,0,4,-116,84864,-280,68700
805,2021-12-13 14:57:35+00:00,-1.7,-2,-1.7,98,753.3,0,0,0.1,0,5,0,4,-116,84864,-280,68700
806,2021-12-13 14:57:50+00:00,-1.7,-2,-1.7,98,753.3,0,0,0.1,0,5,0,4,-116,84864,-280,68700
807,2021-12-13 14:58:05+00:00,-1.7,-2,-1.7,98,753.3,0,0,0.1,0,5,0,4,-116,84864,-280,68700
808,2021-12-13 14:58:21+00:00,-1.7,-2,-1.7,98,753.3,0,0,0.1,0,5,0,4,-115,84859,-278,68695
809,2021-12-13 14:58:35+00:00,-1.7,-2,-1.7,98,753.3,0,0,0.1,0,5,0,4,-115,84859,-278,68695
810,2021-12-13 14:58:50+00:00,-1.7,-2,-1.7,98,753.3,0,0,0.1,0,5,0,4,-115,84859,-278,68695
811,2021-12-13 14:59:05+00:00,-1.7,-2,-1.7,98,753.3,0,0,0.1,0,5,0,4,-115,84859,-278,68695
812,2021-12-13 14:59:21+00:00,-1.7,-2,-1.7,98,753.3,0,0,0.1,0,5,0,4,-114,84853,-276,68689
813,2021-12-13 14:59:35+00:00,-1.7,-2,-1.7,98,753.3,0,0,0.1,0,5,0,4,-114,84853,-276,68689
814,2021-12-13 14:59:50+00:00,-1.7,-2,-1.7,98,753.3,0,0,0.1,0,5,0,4,-114,84853,-276,68689
815,2021-12-13 15:00:05+00:00,-1.7,-2,-1.7,98,753.3,0,0,0.1,0,5,0,4,-114,84853,-276,68689
816,2021-12-13 15:00:21+00:00,-1.7,-2,-1.7,98,753.3,0,0,0.1,0,5,0,4,-112,84848,-274,68683
817,2021-12-13 15:00:35+00:00,-1.7,-2,-1.7,98,753.3,0,0,0.1,0,5,0,4,-112,84848,-274,68683
818,2021-12-13 15:00:50+00:00,-1.7,-2,-1.7,98,753.3,0,0,0.1,0,5,0,4,-112,84848,-274,68683
819,2021-12-13 15:01:05+00:00,-1.6,-2,-1.7,98,753.3,0,0,0.1,0,5,0,4,-112,84848,-274,68683
820,2021-12-13 15:01:21+00:00,-1.6,-1.9,-1.6,98,753.3,0,0,0.1,0,5,0,4,-111,84842,-272,68678
821,2021-12-13 15:01:35+00:00,-1.6,-1.9,-1.6,98,753.3,0,0,0.1,0,5,0,4,-111,84842,-272,68678
822,2021-12-13 15:01:50+00:00,-1.6,-1.9,-1.6,98,753.3,0,0,0.1,0,5,0,4,-111,84842,-272,68678
823,2021-12-13 15:02:05+00:00,-1.6,-1.9,-1.6,98,753.4,0,0,0.1,0,5,0,4,-111,84842,-272,68678
824,2021-12-13 15:02:21+00:00,-1.6,-1.8,-1.6,98,753.4,0,0,0.1,0,5,0,4,-109,84837,-271,68672
825,2021-12-13 15:02:35+00:00,-1.6,-1.8,-1.6,98,753.4,0,0,0.1,0,5,0,4,-109,84837,-271,68672
826,2021-12-13 15:02:50+00:00,-1.6,-1.8,-1.6,98,753.4,0,0,0.1,0,5,0,4,-109,84837,-271,68672
827,2021-12-13 15:03:05+00:00,-1.6,-1.8,-1.6,98,753.3,0,0,0.1,0,5,0,4,-109,84837,-271,68672
828,2021-12-13 15:03:21+00:00,-1.6,-1.8,-1.6,98,753.3,0,0,0.1,0,5,0,4,-107,84833,-269,68666
829,2021-12-13 15:03:35+00:00,-1.6,-1.8,-1.6,98,753.3,0,0,0.1,0,5,0,4,-107,84833,-269,68666
830,2021-12-13 15:03:50+00:00,-1.6,-1.8,-1.6,98,753.3,0,0,0.1,0,5,0,4,-107,84833,-269,68666
831,2021-12-13 15:04:05+00:00,-1.6,-1.8,-1.6,99,753.3,0,0,0.1,0,5,0,4,-107,84833,-269,68666
832,2021-12-13 15:04:21+00:00,-1.6,-1.8,-1.6,99,753.3,0,0,0.1,0,5,0,4,-105,84829,-268,68661
833,2021-12-13 15:04:35+00:00,-1.6,-1.8,-1.6,99,753.3,0,0,0.1,0,5,0,4,-105,84829,-268,68661
834,2021-12-13 15:04:50+00:00,-1.6,-1.8,-1.6,99,753.3,0,0,0.1,0,5,0,4,-105,84829,-268,68661
835,2021-12-13 15:05:05+00:00,-1.6,-1.8,-1.6,98,753.3,0,0,0.1,0,5,0,4,-105,84829,-268,68661
836,2021-12-13 15:05:21+00:00,-1.6,-1.8,-1.6,98,753.3,0,0,0.1,0,5,0,4,-104,84824,-267,68655
837,2021-12-13 15:05:35+00:00,-1.6,-1.8,-1.6,98,753.3,0,0,0.1,0,5,0,4,-104,84824,-267,68655
838,2021-12-13 15:05:50+00:00,-1.6,-1.8,-1.6,98,753.3,0,0,0.1,0,5,0,4,-104,84824,-267,68655
839,2021-12-13 15:06:05+00:00,-1.6,-1.8,-1.6,98,753.3,0,0,0.1,0,5,0,4,-104,84824,-267,68655
840,2021-12-13 15:06:21+00:00,-1.6,-1.9,-1.6,98,753.3,0,0,0.1,0,5,0,4,-103,84818,-266,68649
841,2021-12-13 15:06:35+00:00,-1.6,-1.9,-1.6,98,753.3,0,0,0.1,0,5,0,4,-103,84818,-266,68649
842,2021-12-13 15:06:50+00:00,-1.6,-1.9,-1.6,98,753.3,0,0,0.1,0,5,0,4,-103,84818,-266,68649
843,2021-12-13 15:07:05+00:00,-1.6,-1.9,-1.6,98,753.3,0,0,0.1,0,5,0,4,-103,84818,-266,68649
844,2021-12-13 15:07:21+00:00,-1.6,-1.9,-1.6,98,753.3,0,0,0.1,0,5,0,4,-103,84812,-266,68643
845,2021-12-13 15:07:35+00:00,-1.6,-1.9,-1.6,98,753.3,0,0,0.1,0,5,0,4,-103,84812,-266,68643
846,2021-12-13 15:07:50+00:00,-1.6,-1.9,-1.6,98,753.3,0,0,0.1,0,5,0,4,-103,84812,-266,68643
847,2021-12-13 15:08:05+00:00,-1.6,-1.9,-1.6,98,753.3,0,0,0.1,0,5,0,4,-103,84812,-266,68643
848,2021-12-13 15:08:21+00:00,-1.6,-1.9,-1.6,98,753.3,0,0,0.1,0,5,0,4,-103,84807,-266,68637
849,2021-12-13 15:08:35+00:00,-1.6,-1.9,-1.6,98,753.3,0,0,0.1,0,5,0,4,-103,84807,-266,68637
850,2021-12-13 15:08:50+00:00,-1.6,-1.9,-1.6,98,753.3,0,0,0.1,0,5,0,4,-103,84807,-266,68637
851,2021-12-13 15:09:05+00:00,-1.6,-1.9,-1.6,98,753.3,0,0,0.1,0,5,0,4,-103,84807,-266,68637
852,2021-12-13 15:09:21+00:00,-1.6,-1.9,-1.6,98,753.3,0,0,0.1,0,5,0,4,-103,84802,-266,68632
853,2021-12-13 15:09:35+00:00,-1.6,-1.9,-1.6,98,753.3,0,0,0.1,0,5,0,4,-103,84802,-266,68632
854,2021-12-13 15:09:50+00:00,-1.6,-1.9,-1.6,98,753.3,0,0,0.1,0,5,0,4,-103,84802,-266,68632
855,2021-12-13 15:10:05+00:00,-1.6,-1.9,-1.6,98,753.3,0,0,0.1,0,5,0,4,-103,84802,-266,68632
856,2021-12-13 15:10:21+00:00,-1.6,-1.8,-1.6,98,753.3,0,0,0.1,0,5,0,4,-103,84797,-265,68627
857,2021-12-13 15:10:35+00:00,-1.6,-1.8,-1.6,98,753.3,0,0,0.1,0,5,0,4,-103,84797,-265,68627
858,2021-12-13 15:10:50+00:00,-1.6,-1.8,-1.6,98,753.3,0,0,0.1,0,5,0,4,-103,84797,-265,68627
859,2021-12-13 15:11:05+00:00,-1.6,-1.8,-1.6,98,753.3,0,0,0.1,0,5,0,4,-103,84797,-265,68627
860,2021-12-13 15:11:21+00:00,-1.6,-1.8,-1.6,98,753.3,0,0,0.1,0,5,0,4,-102,84792,-264,68622
861,2021-12-13 15:11:35+00:00,-1.6,-1.8,-1.6,98,753.3,0,0,0.1,0,5,0,4,-102,84792,-264,68622
862,2021-12-13 15:11:50+00:00,-1.6,-1.8,-1.6,98,753.3,0,0,0.1,0,5,0,4,-102,84792,-264,68622
863,2021-12-13 15:12:05+00:00,-1.6,-1.8,-1.6,99,753.3,0,0,0.1,0,5,0,4,-102,84792,-264,68622
864,2021-12-13 15:12:21+00:00,-1.6,-1.8,-1.6,99,753.3,0,0,0.1,0,5,0,4,-100,84788,-264,68616
865,2021-12-13 15:12:35+00:00,-1.6,-1.8,-1.6,99,753.3,0,0,0.1,0,5,0,4,-100,84788,-264,68616
866,2021-12-13 15:12:50+00:00,-1.6,-1.8,-1.6,99,753.3,0,0,0.1,0,5,0,4,-100,84788,-264,68616
867,2021-12-13 15:13:05+00:00,-1.6,-1.8,-1.6,99,753.3,0,0,0.1,0,5,0,4,-100,84788,-264,68616
868,2021-12-13 15:13:21+00:00,-1.6,-1.8,-1.6,99,753.3,0,0,0.1,0,5,0,4,-99,84782,-262,68610
869,2021-12-13 15:13:35+00:00,-1.6,-1.8,-1.6,99,753.3,0,0,0.1,0,5,0,4,-99,84782,-262,68610
870,2021-12-13 15:13:50+00:00,-1.6,-1.8,-1.6,99,753.3,0,0,0.1,0,5,0,4,-99,84782,-262,68610
871,2021-12-13 15:14:05+00:00,-1.6,-1.8,-1.6,98,753.3,0,0,0.1,0,5,0,4,-99,84782,-262,68610
872,2021-12-13 15:14:21+00:00,-1.6,-1.8,-1.6,98,753.3,0,0,0.1,0,5,0,4,-98,84777,-261,68605
873,2021-12-13 15:14:35+00:00,-1.6,-1.8,-1.6,98,753.3,0,0,0.1,0,5,0,4,-98,84777,-261,68605
874,2021-12-13 15:14:50+00:00,-1.6,-1.8,-1.6,98,753.3,0,0,0.1,0,5,0,4,-98,84777,-261,68605
875,2021-12-13 15:15:05+00:00,-1.6,-1.8,-1.6,98,753.3,0,0,0.1,0,5,0,4,-98,84777,-261,68605
876,2021-12-13 15:15:21+00:00,-1.6,-1.8,-1.6,98,753.3,0,0,0.1,0,5,0,4,-97,84773,-260,68600
877,2021-12-13 15:15:35+00:00,-1.6,-1.8,-1.6,98,753.3,0,0,0.1,0,5,0,4,-97,84773,-260,68600
878,2021-12-13 15:15:50+00:00,-1.6,-1.8,-1.6,98,753.3,0,0,0.1,0,5,0,4,-97,84773,-260,68600
879,2021-12-13 15:16:05+00:00,-1.5,-1.8,-1.6,98,753.3,0,0,0.1,0,5,0,4,-97,84773,-260,68600
880,2021-12-13 15:16:21+00:00,-1.5,-1.7,-1.5,98,753.3,0,0,0.1,0,5,0,4,-94,84768,-258,68595
881,2021-12-13 15:16:35+00:00,-1.5,-1.7,-1.5,98,753.3,0,0,0.1,0,5,0,4,-94,84768,-258,68595
882,2021-12-13 15:16:49+00:00,-1.5,-1.7,-1.5,98,753.3,0,0,0.1,0,5,0,4,-94,84768,-258,68595
883,2021-12-13 15:17:04+00:00,-1.5,-1.7,-1.5,98,753.3,0,0,0.1,0,5,0,4,-94,84768,-258,68595
884,2021-12-13 15:17:20+00:00,-1.5,-1.7,-1.5,98,753.3,0,0,0.1,0,5,0,4,-91,84763,-256,68590
885,2021-12-13 15:17:34+00:00,-1.5,-1.7,-1.5,98,753.3,0,0,0.1,0,5,0,4,-91,84763,-256,68590
886,2021-12-13 15:17:49+00:00,-1.5,-1.7,-1.5,98,753.3,0,0,0.1,0,5,0,4,-91,84763,-256,68590
887,2021-12-13 15:18:04+00:00,-1.5,-1.7,-1.5,98,753.3,0,0,0.1,0,5,0,4,-91,84763,-256,68590
888,2021-12-13 15:18:20+00:00,-1.5,-1.7,-1.5,98,753.3,0,0,0.1,0,5,0,4,-89,84759,-254,68586
889,2021-12-13 15:18:34+00:00,-1.5,-1.7,-1.5,98,753.3,0,0,0.1,0,5,0,4,-89,84759,-254,68586
890,2021-12-13 15:18:49+00:00,-1.5,-1.7,-1.5,98,753.3,0,0,0.1,0,5,0,4,-89,84759,-254,68586
891,2021-12-13 15:19:04+00:00,-1.5,-1.7,-1.5,98,753.3,0,0,0.1,0,5,0,4,-89,84759,-254,68586
892,2021-12-13 15:19:20+00:00,-1.5,-1.7,-1.5,98,753.3,0,0,0.1,0,5,0,4,-88,84754,-252,68581
893,2021-12-13 15:19:34+00:00,-1.5,-1.7,-1.5,98,753.3,0,0,0.1,0,5,0,4,-88,84754,-252,68581
894,2021-12-13 15:19:49+00:00,-1.5,-1.7,-1.5,98,753.3,0,0,0.1,0,5,0,4,-88,84754,-252,68581
895,2021-12-13 15:20:04+00:00,-1.5,-1.7,-1.5,98,753.2,0,0,0.1,0,5,0,4,-88,84754,-252,68581
896,2021-12-13 15:20:20+00:00,-1.5,-1.8,-1.5,98,753.2,0,0,0.1,0,5,0,4,-87,84747,-251,68575
897,2021-12-13 15:20:34+00:00,-1.5,-1.8,-1.5,98,753.2,0,0,0.1,0,5,0,4,-87,84747,-251,68575
898,2021-12-13 15:20:49+00:00,-1.5,-1.8,-1.5,98,753.2,0,0,0.1,0,5,0,4,-87,84747,-251,68575
899,2021-12-13 15:21:04+00:00,-1.5,-1.8,-1.5,98,753.3,0,0,0.1,0,5,0,4,-87,84747,-251,68575
900,2021-12-13 15:21:20+00:00,-1.5,-1.8,-1.5,98,753.3,0,0,0.1,0,5,0,4,-86,84741,-250,68567
901,2021-12-13 15:21:34+00:00,-1.5,-1.8,-1.5,98,753.3,0,0,0.1,0,5,0,4,-86,84741,-250,68567
902,2021-12-13 15:21:49+00:00,-1.5,-1.8,-1.5,98,753.3,0,0,0.1,0,5,0,4,-86,84741,-250,68567
903,2021-12-13 15:22:04+00:00,-1.5,-1.8,-1.5,98,753.3,0,0,0.1,0,5,0,4,-86,84741,-250,68567
904,2021-12-13 15:22:20+00:00,-1.5,-1.8,-1.5,98,753.3,0,0,0.1,0,5,0,4,-85,84735,-249,68561
905,2021-12-13 15:22:34+00:00,-1.5,-1.8,-1.5,98,753.3,0,0,0.1,0,5,0,4,-85,84735,-249,68561
906,2021-12-13 15:22:49+00:00,-1.5,-1.8,-1.5,98,753.3,0,0,0.1,0,5,0,4,-85,84735,-249,68561
907,2021-12-13 15:23:04+00:00,-1.5,-1.8,-1.5,98,753.3,0,0,0.1,0,5,0,4,-85,84735,-249,68561
908,2021-12-13 15:23:20+00:00,-1.5,-1.7,-1.5,98,753.3,0,0,0.1,0,5,0,4,-84,84728,-248,68554
909,2021-12-13 15:23:34+00:00,-1.5,-1.7,-1.5,98,753.3,0,0,0.1,0,5,0,4,-84,84728,-248,68554
910,2021-12-13 15:23:49+00:00,-1.5,-1.7,-1.5,98,753.3,0,0,0.1,0,5,0,4,-84,84728,-248,68554
911,2021-12-13 15:24:04+00:00,-1.5,-1.7,-1.5,98,753.3,0,0,0.1,0,5,0,4,-84,84728,-248,68554
912,2021-12-13 15:24:20+00:00,-1.5,-1.8,-1.5,98,753.3,0,0,0.1,0,5,0,4,-85,84722,-248,68547
913,2021-12-13 15:24:34+00:00,-1.5,-1.8,-1.5,98,753.3,0,0,0.1,0,5,0,4,-85,84722,-248,68547
914,2021-12-13 15:24:49+00:00,-1.5,-1.8,-1.5,98,753.3,0,0,0.1,0,5,0,4,-85,84722,-248,68547
915,2021-12-13 15:25:04+00:00,-1.5,-1.8,-1.5,98,753.3,0,0,0.1,0,5,0,4,-85,84722,-248,68547
916,2021-12-13 15:25:20+00:00,-1.5,-1.8,-1.5,98,753.3,0,0,0.1,0,5,0,4,-85,84714,-248,68540
917,2021-12-13 15:25:34+00:00,-1.5,-1.8,-1.5,98,753.3,0,0,0.1,0,5,0,4,-85,84714,-248,68540
918,2021-12-13 15:25:49+00:00,-1.5,-1.8,-1.5,98,753.3,0,0,0.1,0,5,0,4,-85,84714,-248,68540
919,2021-12-13 15:26:04+00:00,-1.5,-1.8,-1.5,98,753.3,0,0,0.1,0,5,0,4,-85,84714,-248,68540
920,2021-12-13 15:26:20+00:00,-1.5,-1.8,-1.5,98,753.3,0,0,0.1,0,5,0,4,-86,84707,-247,68533
921,2021-12-13 15:26:34+00:00,-1.5,-1.8,-1.5,98,753.3,0,0,0.1,0,5,0,4,-86,84707,-247,68533
922,2021-12-13 15:26:49+00:00,-1.5,-1.8,-1.5,98,753.3,0,0,0.1,0,5,0,4,-86,84707,-247,68533
923,2021-12-13 15:27:04+00:00,-1.5,-1.8,-1.5,98,753.2,0,0,0.1,0,5,0,4,-86,84707,-247,68533
924,2021-12-13 15:27:20+00:00,-1.5,-1.8,-1.5,98,753.2,0,0,0.1,0,5,0,4,-87,84699,-248,68526
925,2021-12-13 15:27:34+00:00,-1.5,-1.8,-1.5,98,753.2,0,0,0.1,0,5,0,4,-87,84699,-248,68526
926,2021-12-13 15:27:49+00:00,-1.5,-1.8,-1.5,98,753.2,0,0,0.1,0,5,0,4,-87,84699,-248,68526
927,2021-12-13 15:28:04+00:00,-1.5,-1.8,-1.5,98,753.3,0,0,0.1,0,5,0,4,-87,84699,-248,68526
928,2021-12-13 15:28:20+00:00,-1.5,-1.8,-1.5,98,753.3,0,0,0.1,0,5,0,4,-88,84692,-249,68518
929,2021-12-13 15:28:34+00:00,-1.5,-1.8,-1.5,98,753.3,0,0,0.1,0,5,0,4,-88,84692,-249,68518
930,2021-12-13 15:28:49+00:00,-1.5,-1.8,-1.5,98,753.3,0,0,0.1,0,5,0,4,-88,84692,-249,68518
931,2021-12-13 15:29:04+00:00,-1.5,-1.8,-1.5,98,753.3,0,0,0.1,0,5,0,4,-88,84692,-249,68518
932,2021-12-13 15:29:20+00:00,-1.5,-1.7,-1.5,98,753.3,0,0,0.1,0,5,0,4,-89,84685,-250,68510
933,2021-12-13 15:29:34+00:00,-1.5,-1.7,-1.5,98,753.3,0,0,0.1,0,5,0,4,-89,84685,-250,68510
934,2021-12-13 15:29:49+00:00,-1.5,-1.7,-1.5,98,753.3,0,0,0.1,0,5,0,4,-89,84685,-250,68510
935,2021-12-13 15:30:04+00:00,-1.5,-1.7,-1.5,98,753.3,0,0,0.1,0,5,0,4,-89,84685,-250,68510
936,2021-12-13 15:30:20+00:00,-1.5,-1.8,-1.5,98,753.3,0,0,0.1,0,5,0,4,-90,84677,-250,68502
937,2021-12-13 15:30:34+00:00,-1.5,-1.8,-1.5,98,753.3,0,0,0.1,0,5,0,4,-90,84677,-250,68502
938,2021-12-13 15:30:49+00:00,-1.5,-1.8,-1.5,98,753.3,0,0,0.1,0,5,0,4,-90,84677,-250,68502
939,2021-12-13 15:31:04+00:00,-1.5,-1.8,-1.5,98,753.2,0,0,0.1,0,5,0,4,-90,84677,-250,68502
940,2021-12-13 15:31:20+00:00,-1.5,-1.8,-1.5,98,753.2,0,0,0.1,0,5,0,4,-91,84669,-251,68495
941,2021-12-13 15:31:34+00:00,-1.5,-1.8,-1.5,98,753.2,0,0,0.1,0,5,0,4,-91,84669,-251,68495
942,2021-12-13 15:31:49+00:00,-1.5,-1.8,-1.5,98,753.2,0,0,0.1,0,5,0,4,-91,84669,-251,68495
943,2021-12-13 15:32:04+00:00,-1.4,-1.8,-1.5,98,753.3,0,0,0.1,0,5,0,4,-91,84669,-251,68495
944,2021-12-13 15:32:20+00:00,-1.4,-1.6,-2.4,98,753.3,0,0,0.1,0,5,0,4,-92,84661,-251,68488
945,2021-12-13 15:32:34+00:00,-1.4,-1.6,-2.4,98,753.3,0,0,0.1,0,5,0,4,-92,84661,-251,68488
946,2021-12-13 15:32:49+00:00,-1.4,-1.6,-2.4,98,753.3,0,0,0.1,0,5,0,4,-92,84661,-251,68488
947,2021-12-13 15:33:04+00:00,-1.4,-1.6,-2.4,98,753.3,0,0,0.1,0,5,0,4,-92,84661,-251,68488
948,2021-12-13 15:33:20+00:00,-1.4,-1.7,-1.4,98,753.3,0,0,0.1,0,5,0,4,-92,84653,-252,68480
949,2021-12-13 15:33:34+00:00,-1.4,-1.7,-1.4,98,753.3,0,0,0.1,0,5,0,4,-92,84653,-252,68480
950,2021-12-13 15:33:49+00:00,-1.4,-1.7,-1.4,98,753.3,0,0,0.1,0,5,0,4,-92,84653,-252,68480
951,2021-12-13 15:34:04+00:00,-1.5,-1.7,-1.4,98,753.3,0,0,0.1,0,5,0,4,-92,84653,-252,68480
952,2021-12-13 15:34:20+00:00,-1.5,-1.8,-1.5,98,753.3,0,0,0.1,0,5,-1,4,-93,84646,-253,68472
953,2021-12-13 15:34:34+00:00,-1.5,-1.8,-1.5,98,753.3,0,0,0.1,0,5,-1,4,-93,84646,-253,68472
954,2021-12-13 15:34:49+00:00,-1.5,-1.8,-1.5,98,753.3,0,0,0.1,0,5,-1,4,-93,84646,-253,68472
955,2021-12-13 15:35:04+00:00,-1.4,-1.8,-1.5,98,753.3,0,0,0.1,0,5,-1,4,-93,84646,-253,68472
956,2021-12-13 15:35:20+00:00,-1.4,-1.7,-1.4,98,753.3,0,0,0.1,0,5,-1,4,-93,84637,-254,68464
957,2021-12-13 15:35:34+00:00,-1.4,-1.7,-1.4,98,753.3,0,0,0.1,0,5,-1,4,-93,84637,-254,68464
958,2021-12-13 15:35:49+00:00,-1.4,-1.7,-1.4,98,753.3,0,0,0.1,0,5,-1,4,-93,84637,-254,68464
959,2021-12-13 15:36:04+00:00,-1.4,-1.7,-1.4,98,753.2,0,0,0.1,0,5,-1,4,-93,84637,-254,68464
960,2021-12-13 15:36:20+00:00,-1.4,-1.7,-1.4,98,753.2,0,0,0.1,0,5,-1,4,-94,84628,-254,68456
961,2021-12-13 15:36:34+00:00,-1.4,-1.7,-1.4,98,753.2,0,0,0.1,0,5,-1,4,-94,84628,-254,68456
962,2021-12-13 15:36:49+00:00,-1.4,-1.7,-1.4,98,753.2,0,0,0.1,0,5,-1,4,-94,84628,-254,68456
963,2021-12-13 15:37:04+00:00,-1.4,-1.7,-1.4,98,753.2,0,0,0.1,0,5,-1,4,-94,84628,-254,68456
964,2021-12-13 15:37:20+00:00,-1.4,-1.7,-1.4,98,753.2,0,0,0.1,0,5,-1,4,-95,84620,-256,68448
965,2021-12-13 15:37:34+00:00,-1.4,-1.7,-1.4,98,753.2,0,0,0.1,0,5,-1,4,-95,84620,-256,68448
966,2021-12-13 15:37:49+00:00,-1.4,-1.7,-1.4,98,753.2,0,0,0.1,0,5,-1,4,-95,84620,-256,68448
967,2021-12-13 15:38:04+00:00,-1.4,-1.7,-1.4,98,753.3,0,0,0.1,0,5,-1,4,-95,84620,-256,68448
968,2021-12-13 15:38:20+00:00,-1.4,-1.7,-1.4,98,753.3,0,0,0.1,0,5,-1,4,-96,84613,-259,68440
969,2021-12-13 15:38:34+00:00,-1.4,-1.7,-1.4,98,753.3,0,0,0.1,0,5,-1,4,-96,84613,-259,68440
970,2021-12-13 15:38:49+00:00,-1.4,-1.7,-1.4,98,753.3,0,0,0.1,0,5,-1,4,-96,84613,-259,68440
971,2021-12-13 15:39:04+00:00,-1.5,-1.7,-1.4,99,753.3,0,0,0.1,0,5,-1,4,-96,84613,-259,68440
972,2021-12-13 15:39:20+00:00,-1.5,-1.7,-1.5,99,753.3,0,0,0.1,0,5,0,4,-98,84606,-261,68435
973,2021-12-13 15:39:34+00:00,-1.5,-1.7,-1.5,99,753.3,0,0,0.1,0,5,0,4,-98,84606,-261,68435
974,2021-12-13 15:39:49+00:00,-1.5,-1.7,-1.5,99,753.3,0,0,0.1,0,5,0,4,-98,84606,-261,68435
975,2021-12-13 15:40:04+00:00,-1.5,-1.7,-1.5,99,753.3,0,0,0.1,0,5,0,4,-98,84606,-261,68435
976,2021-12-13 15:40:20+00:00,-1.5,-1.7,-1.5,99,753.3,0,0,0.1,0,5,0,4,-99,84601,-262,68429
977,2021-12-13 15:40:34+00:00,-1.5,-1.7,-1.5,99,753.3,0,0,0.1,0,5,0,4,-99,84601,-262,68429
978,2021-12-13 15:40:49+00:00,-1.5,-1.7,-1.5,99,753.3,0,0,0.1,0,5,0,4,-99,84601,-262,68429
979,2021-12-13 15:41:04+00:00,-1.4,-1.7,-1.5,98,753.2,0,0,0.1,0,5,0,4,-99,84601,-262,68429
980,2021-12-13 15:41:20+00:00,-1.4,-1.6,-1.4,98,753.2,0,0,0.1,0,5,0,4,-100,84595,-264,68423
981,2021-12-13 15:41:34+00:00,-1.4,-1.6,-1.4,98,753.2,0,0,0.1,0,5,0,4,-100,84595,-264,68423
982,2021-12-13 15:41:49+00:00,-1.4,-1.6,-1.4,98,753.2,0,0,0.1,0,5,0,4,-100,84595,-264,68423
983,2021-12-13 15:42:04+00:00,-1.4,-1.6,-1.4,98,753.3,0,0,0.1,0,5,0,4,-100,84595,-264,68423
984,2021-12-13 15:42:20+00:00,-1.4,-1.7,-1.6,98,753.3,0,0,0.1,0,5,0,4,-102,84589,-266,68416
985,2021-12-13 15:42:34+00:00,-1.4,-1.7,-1.6,98,753.3,0,0,0.1,0,5,0,4,-102,84589,-266,68416
986,2021-12-13 15:42:49+00:00,-1.4,-1.7,-1.6,98,753.3,0,0,0.1,0,5,0,4,-102,84589,-266,68416
987,2021-12-13 15:43:04+00:00,-1.4,-1.7,-1.6,98,753.3,0,0,0.1,0,5,0,4,-102,84589,-266,68416
988,2021-12-13 15:43:20+00:00,-1.4,-1.7,-1.4,98,753.3,0,0,0.1,0,5,-1,4,-105,84583,-269,68410
989,2021-12-13 15:43:34+00:00,-1.4,-1.7,-1.4,98,753.3,0,0,0.1,0,5,-1,4,-105,84583,-269,68410
990,2021-12-13 15:43:49+00:00,-1.4,-1.7,-1.4,98,753.3,0,0,0.1,0,5,-1,4,-105,84583,-269,68410
991,2021-12-13 15:44:04+00:00,-1.4,-1.7,-1.4,98,753.3,0,0,0.1,0,5,-1,4,-105,84583,-269,68410
992,2021-12-13 15:44:20+00:00,-1.4,-1.7,-1.4,98,753.3,0,0,0.1,0,5,0,4,-108,84578,-272,68404
993,2021-12-13 15:44:34+00:00,-1.4,-1.7,-1.4,98,753.3,0,0,0.1,0,5,0,4,-108,84578,-272,68404
994,2021-12-13 15:44:49+00:00,-1.4,-1.7,-1.4,98,753.3,0,0,0.1,0,5,0,4,-108,84578,-272,68404
995,2021-12-13 15:45:04+00:00,-1.4,-1.7,-1.4,98,753.3,0,0,0.1,0,5,0,4,-108,84578,-272,68404
996,2021-12-13 15:45:20+00:00,-1.4,-1.7,-1.4,98,753.3,0,0,0.1,0,5,0,4,-110,84573,-274,68398
997,2021-12-13 15:45:34+00:00,-1.4,-1.7,-1.4,98,753.3,0,0,0.1,0,5,0,4,-110,84573,-274,68398
998,2021-12-13 15:45:49+00:00,-1.4,-1.7,-1.4,98,753.3,0,0,0.1,0,5,0,4,-110,84573,-274,68398
999,2021-12-13 15:46:04+00:00,-1.4,-1.7,-1.4,98,753.3,0,0,0.1,0,5,0,4,-110,84573,-274,68398
1000,2021-12-13 15:46:20+00:00,-1.4,-1.7,-1.4,98,753.3,0,0,0.1,0,5,0,4,-113,84568,-277,68393
